fixture_id,date,team_a,team_b,a_is_home,goals_a,goals_b,result,a_form_points,a_form_games_count,a_goals_for_avg,a_goals_against_avg,a_possession_avg,a_shots_total_avg,a_shots_on_goal_avg,a_corners_avg,b_form_points,b_form_games_count,b_goals_for_avg,b_goals_against_avg,b_possession_avg,b_shots_total_avg,b_shots_on_goal_avg,b_corners_avg,h2h_games,h2h_a_wins,h2h_a_draws,h2h_a_losses,ranking_a,ranking_b,ranking_diff
256322,2016-03-26,Canada,Mexico,True,0,3,B,2.19,6,1.58,0.17,,,,,3.0,2,2.47,0.0,,,,,0,0,0,0,1516.0,1911.0,-395.0
256328,2016-03-30,Canada,Mexico,False,0,2,B,1.74,7,1.25,0.76,,,,,3.0,3,2.67,0.0,,,,,1,0,0,1,1516.0,1911.0,-395.0
225362,2018-03-24,Canada,New Zealand,True,1,0,A,1.47,10,1.35,1.15,,,,,1.82,11,1.8,0.73,39.07,3.93,0.0,4.67,0,0,0,0,1546.0,1502.0,44.0
255394,2019-06-20,Canada,Mexico,False,1,3,B,2.44,16,2.91,0.55,,,,,1.97,37,2.48,1.35,56.11,10.46,4.23,4.34,2,0,0,2,1603.0,1901.0,-298.0
255378,2019-06-29,Canada,Haiti,False,2,3,B,2.22,18,3.26,0.77,,,,,2.06,20,1.93,0.91,26.0,0.0,0.0,1.0,0,0,0,0,1603.0,1557.0,46.0
362649,2019-10-15,Canada,USA,True,2,0,A,2.19,21,3.14,0.81,,,,,1.7,42,2.11,0.92,43.01,5.62,2.64,3.39,0,0,0,0,1603.0,1720.0,-117.0
362653,2019-11-16,Canada,USA,False,1,4,B,2.3,22,2.99,0.7,,,,,1.48,43,1.84,1.06,43.01,5.62,2.64,3.39,1,1,0,0,1603.0,1720.0,-117.0
706969,2021-06-12,Canada,Haiti,False,1,0,A,2.4,30,4.36,0.71,,,,,1.85,30,2.34,0.82,26.0,0.0,0.0,1.0,1,0,0,1,1784.0,1526.0,258.0
706970,2021-06-16,Canada,Haiti,True,3,0,A,2.48,31,3.92,0.61,,,,,1.61,31,2.03,0.85,26.0,0.0,0.0,1.0,2,1,0,1,1784.0,1526.0,258.0
723376,2021-07-15,Canada,Haiti,False,4,1,A,2.61,33,3.82,0.59,66.0,14.0,5.0,6.0,1.56,35,2.21,1.08,36.71,9.74,2.92,0.03,3,2,0,1,1784.0,1526.0,258.0
704147,2021-07-18,Canada,USA,False,0,1,B,2.66,34,3.85,0.65,62.26,12.93,4.47,4.4,2.56,58,3.12,0.75,63.66,13.35,6.87,7.72,2,1,0,1,1784.0,1858.0,-74.0
746999,2021-07-30,Canada,Mexico,False,1,2,B,2.4,36,3.17,0.6,54.82,13.84,4.24,5.43,2.32,66,1.93,0.38,66.62,18.55,6.61,6.99,3,0,0,3,1784.0,1839.0,-55.0
708813,2021-09-06,Canada,USA,False,1,1,Draw,1.94,38,2.64,0.81,54.43,13.14,3.71,6.71,2.52,63,1.93,0.37,54.09,11.23,4.34,5.17,3,1,0,2,1784.0,1858.0,-74.0
708821,2021-10-08,Canada,Mexico,False,1,1,Draw,1.98,40,2.5,0.73,47.57,12.11,3.67,5.2,2.14,71,1.55,0.58,61.66,16.96,5.47,6.64,4,0,0,4,1784.0,1839.0,-55.0
708829,2021-10-13,Canada,Panama,True,4,1,A,1.74,42,2.0,0.66,50.18,10.95,3.43,5.7,1.59,61,1.57,0.99,54.36,10.27,3.79,5.24,0,0,0,0,1784.0,1627.0,157.0
708837,2021-11-17,Canada,Mexico,True,2,1,A,2.05,44,2.1,0.62,51.07,12.14,3.84,6.99,1.69,76,1.53,0.96,59.54,15.45,5.66,5.87,5,0,1,4,1784.0,1839.0,-55.0
708845,2022-01-30,Canada,USA,True,2,0,A,2.28,46,2.07,0.58,48.22,10.82,3.73,6.12,2.39,72,1.56,0.44,57.58,12.63,4.23,5.58,4,1,1,2,1711.0,1817.0,-106.0
708861,2022-03-31,Canada,Panama,False,0,1,B,2.25,50,2.08,0.44,50.52,13.19,4.55,6.93,1.21,70,1.32,1.78,56.65,11.51,3.16,5.27,1,1,0,0,1711.0,1646.0,65.0
856809,2022-06-10,Canada,Curaçao,True,4,0,A,1.95,51,1.81,0.52,50.59,12.18,4.05,6.38,1.21,30,1.42,1.15,,,,,0,0,0,0,1711.0,1362.0,349.0
942144,2022-09-23,Canada,Qatar,False,2,0,A,1.82,53,1.95,0.65,50.59,12.18,4.05,6.38,1.64,80,1.48,1.14,44.36,9.64,4.32,4.71,0,0,0,0,1711.0,1577.0,134.0
942152,2022-09-27,Canada,Uruguay,True,0,2,B,1.97,54,1.96,0.57,50.59,12.18,4.05,6.38,1.76,71,1.56,0.69,47.32,13.06,4.47,5.06,0,0,0,0,1711.0,1904.0,-193.0
959633,2022-11-17,Canada,Japan,False,2,1,A,1.62,56,1.74,0.92,53.4,11.06,3.69,5.86,2.04,84,1.93,0.46,56.44,13.42,5.09,4.27,0,0,0,0,1711.0,1851.0,-140.0
855742,2022-11-23,Canada,Belgium,False,0,1,B,1.8,57,1.77,0.93,53.5,12.1,3.57,6.23,1.56,71,1.77,1.23,63.11,13.27,5.17,5.16,0,0,0,0,1711.0,1947.0,-236.0
855754,2022-11-27,Canada,Croatia,False,1,4,B,1.57,58,1.54,0.94,52.25,13.75,3.47,5.86,2.16,73,1.46,0.7,56.8,10.65,4.29,4.52,0,0,0,0,1711.0,1950.0,-239.0
855767,2022-12-01,Canada,Morocco,True,1,2,B,1.36,59,1.47,1.33,52.21,12.83,3.24,5.24,2.11,87,1.68,0.54,44.9,11.99,5.28,3.38,0,0,0,0,1711.0,1866.0,-155.0
856819,2023-03-26,Canada,Curaçao,False,2,0,A,1.19,60,1.41,1.42,53.27,11.6,2.73,5.36,0.79,33,1.29,1.76,,,,,1,1,0,0,1705.0,1337.0,368.0
1019252,2023-06-15,Canada,Panama,False,2,0,A,1.63,62,1.81,1.21,53.27,11.6,2.73,5.12,1.57,84,1.38,1.32,43.39,6.81,2.05,3.04,2,1,0,1,1705.0,1765.0,-60.0
1035658,2023-06-19,Canada,USA,True,0,2,B,1.81,63,1.84,1.05,52.26,10.72,2.78,4.77,1.75,93,1.76,0.69,51.46,10.41,3.65,6.03,5,2,1,2,1705.0,1774.0,-69.0
1051776,2023-07-09,Canada,USA,False,2,2,Draw,1.64,67,1.77,1.23,56.02,11.9,4.2,4.63,2.09,97,2.74,0.5,51.88,12.02,4.22,5.36,6,2,1,3,1705.0,1774.0,-69.0
1114142,2023-10-13,Canada,Japan,False,1,4,B,1.55,68,1.8,1.33,52.3,10.83,3.86,4.39,2.1,95,2.7,1.03,45.43,11.69,5.77,4.06,1,1,0,0,1705.0,1905.0,-200.0
1182784,2024-06-06,Canada,Netherlands,False,0,4,B,1.58,72,1.8,1.54,54.87,12.66,4.82,5.49,1.96,79,2.33,1.01,55.48,14.55,5.61,5.14,0,0,0,0,1784.0,1938.0,-154.0
1196553,2024-06-09,Canada,France,False,0,0,Draw,1.37,73,1.57,1.86,52.63,11.72,4.42,5.42,2.22,91,3.05,1.0,58.07,17.92,6.82,5.32,0,0,0,0,1784.0,2055.0,-271.0
1189120,2024-06-21,Canada,Argentina,False,0,2,B,1.32,74,1.36,1.62,52.12,11.06,3.8,4.82,2.7,97,2.28,0.48,65.22,14.21,6.42,5.58,0,0,0,0,1784.0,2108.0,-324.0
1227537,2024-07-10,Canada,Argentina,False,0,2,B,1.3,78,1.01,1.23,50.18,10.77,3.79,4.49,2.57,101,1.93,0.4,63.72,14.34,6.26,5.84,1,0,0,1,1784.0,2108.0,-324.0
1234029,2024-07-14,Canada,Uruguay,True,2,2,Draw,1.13,79,0.88,1.33,50.02,10.53,3.55,4.16,1.82,94,1.68,0.54,50.54,11.89,3.88,4.4,1,0,0,1,1784.0,1948.0,-164.0
1215627,2024-09-07,Canada,USA,False,2,1,A,1.11,80,1.02,1.42,50.15,11.0,3.88,4.53,1.35,113,1.59,1.19,51.23,12.81,4.79,4.22,7,2,2,3,1784.0,1758.0,26.0
1184586,2024-09-11,Canada,Mexico,False,0,0,Draw,1.36,81,1.15,1.36,49.06,11.8,4.3,4.86,1.51,127,1.31,1.05,55.0,15.5,5.34,5.96,6,1,1,4,1784.0,1769.0,15.0
1294672,2024-10-15,Canada,Panama,True,2,1,A,1.31,82,1.0,1.19,49.06,11.8,4.3,4.86,1.43,109,1.33,1.7,53.74,13.75,4.66,4.01,3,2,0,1,1784.0,1726.0,58.0
1316376,2025-03-21,Canada,Mexico,True,0,2,B,1.89,85,1.36,0.88,52.59,12.33,4.97,5.49,1.63,131,1.47,0.83,58.18,16.63,5.66,6.19,7,1,2,4,1802.0,1834.0,-32.0
1364768,2025-03-22,Canada,USA,True,2,1,A,1.64,86,1.18,1.02,53.22,12.14,4.4,5.7,1.72,122,1.71,1.0,58.89,11.87,5.14,4.95,8,3,2,3,1802.0,1747.0,55.0
1364925,2025-06-11,Canada,Côte d'Ivoire,True,0,0,Draw,1.97,88,1.64,1.15,49.36,11.62,4.58,4.73,1.83,99,1.25,0.63,57.3,14.06,4.1,4.97,0,0,0,0,1802.0,1627.0,175.0
1371370,2025-06-21,Canada,Curaçao,False,1,1,Draw,2.0,90,2.02,0.87,49.48,12.2,4.5,4.28,1.92,58,2.26,0.74,57.52,14.07,6.17,4.37,2,2,0,0,1802.0,1466.0,336.0
1396844,2025-10-10,Canada,Australia,True,0,1,B,2.15,95,1.82,0.61,48.83,11.57,4.16,5.27,2.44,96,2.02,0.59,47.06,9.3,3.88,3.7,0,0,0,0,1802.0,1773.0,29.0
1396845,2025-10-15,Canada,Colombia,True,0,0,Draw,1.87,96,1.58,0.66,50.45,12.29,4.67,5.63,1.84,109,2.4,1.02,55.63,12.59,5.41,3.68,0,0,0,0,1802.0,1998.0,-196.0
1457377,2025-11-14,Canada,Ecuador,True,0,0,Draw,1.76,97,1.38,0.57,49.06,11.19,4.19,5.15,1.57,105,0.83,0.44,49.47,9.86,4.01,3.65,0,0,0,0,1802.0,1933.0,-131.0
1512765,2026-03-31,Canada,Tunisia,True,0,0,Draw,1.86,101,1.36,0.59,48.8,11.41,4.36,6.32,1.68,124,1.62,1.0,54.27,9.83,3.16,6.17,0,0,0,0,1729.0,1562.0,167.0
1514472,2026-06-02,Canada,Uzbekistan,True,2,0,A,1.75,102,1.18,0.51,48.8,11.41,4.36,6.32,2.01,115,1.74,0.76,48.0,13.36,4.09,4.37,0,0,0,0,1729.0,1631.0,98.0
1539000,2026-06-12,Canada,Bosnia and Herzegovina,True,1,1,Draw,1.79,104,1.25,0.52,50.52,9.9,3.78,5.58,1.31,94,1.39,1.14,50.53,14.94,4.76,4.12,0,0,0,0,1729.0,1605.0,124.0
1489387,2026-06-18,Canada,Qatar,True,6,0,A,1.69,105,1.22,0.58,52.12,10.38,3.81,6.1,0.8,142,0.74,1.37,50.26,8.02,2.62,3.48,1,1,0,0,1729.0,1411.0,318.0
256277,2016-11-12,Mexico,USA,False,2,1,A,2.54,6,2.01,0.2,68.0,5.0,1.0,7.0,2.28,6,3.5,0.42,,,,,0,0,0,0,1911.0,1735.0,176.0
256280,2016-11-16,Mexico,Panama,False,0,0,Draw,2.64,7,2.0,0.37,57.3,8.74,2.6,3.79,1.9,7,1.13,0.75,44.07,6.47,3.53,3.26,0,0,0,0,1911.0,1688.0,223.0
256290,2017-06-12,Mexico,USA,True,1,1,Draw,2.62,11,1.81,0.17,60.29,9.59,3.19,4.89,1.84,11,2.58,0.92,50.2,8.21,5.4,3.36,1,1,0,0,1847.0,1751.0,96.0
256295,2017-09-02,Mexico,Panama,True,1,0,A,2.36,12,1.68,0.3,63.44,9.69,2.65,5.91,1.24,12,0.87,0.83,54.03,11.58,3.74,4.69,1,0,1,0,1847.0,1670.0,177.0
225329,2018-02-01,Mexico,Bosnia and Herzegovina,True,1,0,A,2.01,16,1.75,0.83,58.05,11.53,4.29,4.39,1.57,11,2.03,1.18,56.76,13.81,6.65,5.73,0,0,0,0,1779.0,1795.0,-16.0
225401,2018-03-28,Mexico,Croatia,True,0,1,B,2.27,18,1.84,0.61,58.05,11.53,4.29,4.39,1.62,13,1.24,0.68,54.11,11.34,3.48,5.77,0,0,0,0,1779.0,1923.0,-144.0
225442,2018-06-03,Mexico,Scotland,True,1,0,A,1.82,20,1.36,0.57,59.5,10.91,3.98,4.54,1.54,13,1.13,1.06,50.35,14.4,5.47,5.95,0,0,0,0,1779.0,1720.0,59.0
135786,2018-06-17,Mexico,Germany,False,1,0,A,1.71,22,1.13,0.7,58.56,10.4,3.99,5.2,2.06,14,2.75,0.89,65.86,14.54,7.27,6.74,0,0,0,0,1779.0,1937.0,-158.0
135804,2018-06-23,Mexico,Korea Republic,False,2,1,A,1.89,23,1.11,0.6,52.74,11.01,3.99,4.21,1.02,28,0.91,1.19,51.69,8.56,3.0,4.85,0,0,0,0,1779.0,1778.0,1.0
135818,2018-06-27,Mexico,Sweden,True,0,3,B,2.04,24,1.23,0.66,54.08,11.44,4.21,4.38,1.28,18,1.16,0.77,43.03,8.46,3.6,3.8,0,0,0,0,1779.0,1850.0,-71.0
135765,2018-07-02,Mexico,Brazil,False,0,2,B,1.76,25,1.07,0.97,56.43,13.13,3.97,4.9,2.57,25,2.05,0.23,60.76,15.93,7.47,6.54,0,0,0,0,1779.0,2136.0,-357.0
225491,2018-09-08,Mexico,Uruguay,True,1,4,B,1.53,26,0.93,1.11,55.61,13.29,3.42,5.28,2.18,26,1.58,0.78,45.05,11.74,4.51,3.79,0,0,0,0,1779.0,1921.0,-142.0
225507,2018-09-12,Mexico,USA,False,0,1,B,1.32,27,0.94,1.49,56.03,12.89,4.05,5.06,1.25,22,1.37,1.04,46.31,9.67,4.57,4.59,2,1,1,0,1779.0,1742.0,37.0
225557,2018-11-17,Mexico,Argentina,False,0,2,B,1.21,30,0.96,1.44,54.2,12.33,3.67,5.67,1.5,29,1.63,1.12,55.47,10.89,4.57,5.04,0,0,0,0,1779.0,1920.0,-141.0
225578,2018-11-21,Mexico,Argentina,False,0,2,B,1.05,31,0.83,1.51,54.2,12.33,3.67,5.67,1.7,30,1.68,0.97,55.47,10.89,4.57,5.04,1,0,0,1,1779.0,1920.0,-141.0
218287,2019-03-27,Mexico,Paraguay,True,4,2,A,1.19,33,1.02,1.5,54.74,11.49,3.35,4.96,0.81,22,0.93,1.54,42.78,8.93,3.33,4.47,0,0,0,0,1901.0,1738.0,163.0
218318,2019-06-09,Mexico,Ecuador,True,3,2,A,1.63,35,1.62,1.49,54.8,10.58,3.48,4.97,1.24,27,1.13,1.06,51.68,10.16,3.91,6.07,0,0,0,0,1901.0,1725.0,176.0
255382,2019-07-03,Mexico,Haiti,False,1,0,A,2.06,40,2.4,1.35,56.11,10.46,4.23,4.34,2.19,21,2.08,1.06,26.0,0.0,0.0,1.0,0,0,0,0,1901.0,1557.0,344.0
255384,2019-07-08,Mexico,USA,True,1,0,A,2.18,41,2.21,1.17,56.11,10.46,4.23,4.34,2.1,38,1.9,0.74,43.01,5.62,2.64,3.39,3,1,1,1,1901.0,1720.0,181.0
218341,2019-09-07,Mexico,USA,False,3,0,A,2.29,42,2.06,1.02,56.11,10.46,4.23,4.34,1.82,39,1.65,0.77,43.01,5.62,2.64,3.39,4,2,1,1,1901.0,1720.0,181.0
218344,2019-09-11,Mexico,Argentina,False,0,4,B,2.38,43,2.18,0.89,56.11,10.46,4.23,4.34,1.75,41,1.36,0.86,50.44,11.94,4.36,4.68,2,0,0,2,1901.0,1970.0,-69.0
362650,2019-10-16,Mexico,Panama,True,3,1,A,2.3,46,2.31,1.11,56.11,10.46,4.23,4.34,0.91,39,1.09,1.68,40.7,4.8,1.98,2.91,2,1,1,0,1901.0,1504.0,397.0
362654,2019-11-16,Mexico,Panama,False,3,0,A,2.39,47,2.4,1.09,56.11,10.46,4.23,4.34,0.79,40,1.07,1.85,40.7,4.8,1.98,2.91,3,2,1,0,1901.0,1504.0,397.0
598338,2020-10-07,Mexico,Netherlands,False,1,0,A,2.6,50,2.49,0.83,56.11,10.46,4.23,4.34,1.98,32,2.0,0.73,60.3,15.48,6.49,5.07,0,0,0,0,1928.0,1994.0,-66.0
640111,2020-10-13,Mexico,Algeria,True,2,2,Draw,2.65,51,2.3,0.72,56.11,10.46,4.23,4.34,2.15,37,1.73,0.63,48.4,10.08,3.45,3.13,0,0,0,0,1928.0,1747.0,181.0
644695,2020-11-14,Mexico,Korea Republic,True,3,2,A,2.44,52,2.26,0.89,56.11,10.46,4.23,4.34,2.12,55,1.43,0.51,60.85,11.72,4.68,6.14,1,1,0,0,1928.0,1773.0,155.0
644699,2020-11-17,Mexico,Japan,False,2,0,A,2.51,53,2.36,1.03,56.11,10.46,4.23,4.34,2.11,58,1.62,0.6,49.88,11.06,4.25,5.06,0,0,0,0,1928.0,1744.0,184.0
706816,2021-06-07,Mexico,USA,False,2,3,B,2.24,58,1.65,0.71,56.11,10.46,4.23,4.34,2.23,54,2.75,0.78,43.01,5.62,2.64,3.39,5,3,1,1,1839.0,1858.0,-19.0
705145,2021-07-01,Mexico,Panama,True,3,0,A,1.82,60,1.47,0.88,56.11,10.46,4.23,4.34,1.85,52,2.22,0.96,40.7,4.8,1.98,2.91,4,3,1,0,1839.0,1627.0,212.0
748654,2021-08-02,Mexico,USA,False,0,1,B,2.41,67,1.94,0.46,64.93,17.39,6.71,6.22,2.71,61,2.39,0.49,60.03,9.98,4.86,5.6,6,3,1,2,1839.0,1858.0,-19.0
708819,2021-09-09,Mexico,Panama,False,1,1,Draw,2.31,70,1.63,0.52,63.13,18.06,5.8,7.0,1.68,58,2.04,1.19,58.87,13.74,5.19,4.63,5,4,1,0,1839.0,1627.0,212.0
781084,2021-10-28,Mexico,Ecuador,True,2,3,B,2.24,74,1.72,0.48,61.34,17.02,6.01,6.47,1.13,54,1.14,1.06,53.33,10.83,3.86,6.06,1,1,0,0,1839.0,1848.0,-9.0
708836,2021-11-13,Mexico,USA,False,0,2,B,1.95,75,1.76,0.81,61.34,17.02,6.01,6.47,2.27,68,1.83,0.59,56.75,11.24,4.33,5.14,7,3,1,3,1839.0,1858.0,-19.0
708851,2022-02-03,Mexico,Panama,True,1,0,A,1.54,80,1.38,1.03,63.93,17.23,4.95,5.94,1.66,67,1.63,1.4,57.34,13.37,3.97,5.62,6,4,2,0,1812.0,1646.0,166.0
708856,2022-03-25,Mexico,USA,True,0,0,Draw,1.73,81,1.33,0.9,62.29,16.7,4.46,6.28,2.2,74,1.57,0.56,60.81,13.2,4.64,5.74,8,3,1,4,1812.0,1817.0,-5.0
857608,2022-06-03,Mexico,Uruguay,True,0,3,B,1.99,86,1.21,0.58,62.04,16.42,4.22,6.29,1.86,67,1.3,0.97,46.45,14.3,4.7,5.23,1,0,0,1,1812.0,1904.0,-92.0
857897,2022-06-05,Mexico,Ecuador,True,0,0,Draw,1.73,87,1.05,0.89,59.24,14.47,3.81,5.31,1.5,63,1.18,1.02,50.47,10.99,3.45,4.87,2,1,0,1,1812.0,1841.0,-29.0
857898,2022-09-01,Mexico,Paraguay,True,0,1,B,1.71,90,1.16,0.72,59.24,14.47,3.81,5.31,0.75,60,0.89,1.92,43.9,9.33,2.22,3.28,1,1,0,0,1812.0,1727.0,85.0
942151,2022-09-28,Mexico,Colombia,True,2,3,B,1.68,92,1.01,0.66,59.24,14.47,3.81,5.31,1.89,71,1.37,0.59,54.98,13.57,4.14,5.72,0,0,0,0,1812.0,1919.0,-107.0
942159,2022-11-09,Mexico,Iraq,True,4,0,A,1.46,93,1.14,0.96,53.45,12.52,3.56,4.91,1.63,70,1.02,0.83,46.96,14.17,3.09,5.7,0,0,0,0,1812.0,1575.0,237.0
942161,2022-11-16,Mexico,Sweden,True,1,2,B,1.66,94,1.51,0.84,58.47,14.19,4.19,5.19,1.01,71,1.14,1.56,51.61,12.24,4.1,6.18,1,0,0,1,1812.0,1757.0,55.0
855752,2022-11-26,Mexico,Argentina,False,0,2,B,1.39,96,1.26,0.86,60.0,12.95,4.66,4.6,2.36,77,2.58,0.4,61.42,13.87,5.91,5.16,3,0,0,3,1812.0,2144.0,-332.0
855765,2022-11-30,Mexico,Saudi Arabia,False,2,1,A,1.21,97,1.09,1.01,56.34,11.23,3.95,4.1,1.33,85,0.69,0.8,50.24,10.58,2.86,4.55,0,0,0,0,1812.0,1644.0,168.0
1015107,2023-04-20,Mexico,USA,False,1,1,Draw,1.56,100,1.4,1.02,57.67,13.23,5.02,5.39,1.64,91,1.66,0.77,53.84,11.84,3.92,7.1,9,3,2,4,1794.0,1774.0,20.0
1019251,2023-06-16,Mexico,USA,False,0,3,B,1.6,103,1.51,1.03,58.33,11.82,4.27,4.85,1.56,92,1.57,0.8,52.48,10.28,3.34,6.21,10,3,3,4,1794.0,1774.0,20.0
1035659,2023-06-18,Mexico,Panama,False,1,0,A,1.39,104,1.31,1.29,57.47,10.56,3.74,4.58,1.36,85,1.2,1.4,46.7,7.52,2.68,2.63,7,5,2,0,1794.0,1765.0,29.0
1023109,2023-06-30,Mexico,Haiti,False,3,1,A,1.78,106,1.63,0.97,55.02,11.2,3.99,4.42,2.27,47,2.83,1.19,47.72,14.04,3.87,3.91,1,1,0,0,1794.0,1496.0,298.0
1023114,2023-07-03,Mexico,Qatar,True,0,1,B,1.94,107,1.8,0.98,56.51,14.31,4.89,5.07,1.18,96,1.17,1.35,43.86,7.98,2.99,2.07,0,0,0,0,1794.0,1534.0,260.0
1065809,2023-07-16,Mexico,Panama,True,1,0,A,2.01,110,1.8,0.74,57.71,15.23,5.41,5.55,1.64,91,1.62,1.16,57.74,12.38,4.53,4.16,8,6,2,0,1794.0,1765.0,29.0
1081943,2023-09-10,Mexico,Australia,True,2,2,Draw,2.14,111,1.7,0.65,56.91,16.33,5.63,5.06,1.49,68,1.25,1.21,44.62,8.25,2.93,2.87,0,0,0,0,1794.0,1783.0,11.0
1081944,2023-09-12,Mexico,Uzbekistan,True,3,3,Draw,1.99,112,1.74,0.82,58.87,15.86,5.68,5.32,1.74,76,1.69,0.94,40.44,11.76,3.46,3.33,0,0,0,0,1794.0,1643.0,151.0
1081945,2023-10-15,Mexico,Ghana,True,2,0,A,1.86,113,1.9,1.1,58.87,15.86,5.68,5.32,1.72,64,1.41,1.13,44.29,9.34,3.62,3.82,0,0,0,0,1794.0,1548.0,246.0
1081946,2023-10-18,Mexico,Germany,True,2,2,Draw,2.01,114,1.92,0.96,56.87,15.26,5.42,4.67,1.5,77,1.85,1.67,63.13,15.11,5.26,5.08,1,1,0,0,1794.0,1885.0,-91.0
1135752,2023-12-17,Mexico,Colombia,True,2,3,B,1.81,117,1.72,1.06,57.51,17.29,5.64,6.28,2.27,85,1.23,0.48,52.26,12.43,4.3,3.77,1,0,0,1,1794.0,1984.0,-190.0
1143861,2024-03-22,Mexico,Panama,False,3,0,A,1.57,118,1.75,1.31,56.72,17.11,5.84,5.68,2.26,99,2.11,0.78,55.17,13.2,4.8,4.35,9,7,2,0,1769.0,1726.0,43.0
1187487,2024-03-25,Mexico,USA,True,0,2,B,1.76,119,1.92,1.14,54.5,15.54,5.86,5.44,1.78,107,2.28,0.87,59.22,15.75,5.55,6.64,11,3,3,5,1769.0,1758.0,11.0
1155281,2024-06-06,Mexico,Uruguay,True,0,4,B,1.72,121,1.58,1.09,52.58,15.33,5.62,5.98,1.69,88,1.54,0.76,47.39,9.5,3.22,3.39,2,0,0,2,1769.0,1948.0,-179.0
1155282,2024-06-09,Mexico,Brazil,True,2,3,B,1.5,122,1.38,1.47,52.92,14.32,5.26,5.57,1.45,93,1.71,1.31,56.02,12.62,5.35,4.25,1,0,0,1,1769.0,1996.0,-227.0
1146315,2024-07-01,Mexico,Ecuador,True,0,0,Draw,1.33,125,1.22,1.39,54.04,15.25,5.43,6.28,1.84,89,1.49,0.98,50.12,13.12,4.78,4.54,3,1,1,1,1769.0,1909.0,-140.0
1184585,2024-09-08,Mexico,New Zealand,True,3,0,A,1.28,126,1.06,1.21,54.84,15.89,5.24,6.11,1.77,46,2.02,0.64,50.95,9.43,2.84,5.09,0,0,0,0,1769.0,1583.0,186.0
1293948,2024-10-16,Mexico,USA,True,2,0,A,1.44,128,1.14,0.92,55.0,15.5,5.34,5.96,1.39,116,1.52,1.1,54.09,12.58,4.73,4.55,12,3,3,6,1769.0,1758.0,11.0
1364767,2025-03-24,Mexico,Panama,True,2,1,A,1.81,132,1.54,0.72,56.02,15.4,5.29,5.6,1.46,114,1.26,1.87,48.19,11.15,3.63,3.67,10,8,2,0,1834.0,1742.0,92.0
1358791,2025-06-07,Mexico,Switzerland,True,2,4,B,1.97,133,1.6,0.76,54.75,15.35,5.24,5.23,1.22,101,1.51,1.5,58.55,12.11,4.25,5.69,0,0,0,0,1834.0,1897.0,-63.0
1358792,2025-06-11,Mexico,Türkiye,True,1,0,A,1.71,134,1.65,1.18,54.09,14.6,5.21,4.92,2.08,95,1.87,1.13,54.46,15.66,5.22,5.17,0,0,0,0,1834.0,1880.0,-46.0
1383570,2025-06-29,Mexico,Saudi Arabia,True,2,0,A,2.0,138,1.55,0.87,56.79,13.83,5.33,4.24,1.53,127,1.15,0.86,53.84,10.45,3.54,3.14,1,1,0,0,1834.0,1592.0,242.0
1391246,2025-07-06,Mexico,USA,False,2,1,A,2.24,140,1.53,0.66,57.05,13.33,5.11,4.26,1.84,130,1.81,1.25,59.83,12.69,4.98,4.94,13,4,3,6,1834.0,1747.0,87.0
1375499,2025-09-07,Mexico,Japan,True,0,0,Draw,2.34,141,1.59,0.7,57.45,13.69,5.5,5.29,2.49,123,2.85,0.36,66.94,14.13,5.54,7.0,1,1,0,0,1834.0,1878.0,-44.0
1375500,2025-09-10,Mexico,Korea Republic,True,2,2,Draw,2.17,142,1.38,0.61,56.59,12.93,4.9,4.72,2.2,122,1.97,0.5,67.17,12.73,5.13,6.69,2,2,0,0,1834.0,1784.0,50.0
1400027,2025-10-12,Mexico,Colombia,True,0,4,B,2.02,143,1.46,0.79,56.25,13.07,5.05,4.5,1.67,108,2.17,1.18,57.85,13.43,5.63,3.93,2,0,0,2,1834.0,1998.0,-164.0
1436252,2025-10-15,Mexico,Ecuador,True,1,1,Draw,1.75,144,1.27,1.21,56.61,12.67,4.64,4.17,1.66,104,0.81,0.35,49.99,10.29,3.86,3.45,4,1,2,1,1834.0,1933.0,-99.0
1469292,2025-11-16,Mexico,Uruguay,True,0,0,Draw,1.66,145,1.24,1.18,56.27,12.71,4.56,4.28,1.83,110,1.16,0.56,55.8,10.95,3.17,5.01,3,0,0,3,1834.0,1890.0,-56.0
1472256,2025-11-19,Mexico,Paraguay,True,1,2,B,1.57,146,1.08,1.03,55.84,12.35,4.35,4.28,1.19,94,0.96,1.17,40.31,9.6,3.19,4.3,2,1,0,1,1834.0,1833.0,1.0
1501810,2026-01-23,Mexico,Panama,False,1,0,A,1.37,147,1.07,1.16,58.09,11.91,4.31,4.09,1.95,128,1.74,0.94,59.34,15.34,5.75,5.38,11,9,2,0,1913.0,1658.0,255.0
1514464,2026-03-29,Mexico,Portugal,True,0,0,Draw,1.92,150,1.43,0.76,58.75,12.19,4.79,5.16,2.0,109,2.93,1.18,65.58,21.23,7.28,6.77,0,0,0,0,1913.0,1995.0,-82.0
1514471,2026-04-01,Mexico,Belgium,True,1,1,Draw,1.8,151,1.25,0.66,55.51,11.51,4.3,4.43,2.04,109,3.23,1.05,63.46,19.78,7.74,9.09,0,0,0,0,1913.0,1961.0,-48.0
1528281,2026-05-23,Mexico,Ghana,True,2,0,A,1.7,152,1.22,0.71,54.66,11.32,4.13,4.24,1.09,96,1.36,1.5,40.2,6.45,1.25,2.69,1,1,0,0,1913.0,1570.0,343.0
1527865,2026-05-31,Mexico,Australia,True,1,0,A,1.87,153,1.32,0.61,55.23,11.93,4.63,4.89,1.98,102,1.78,0.91,42.1,7.92,3.19,2.86,1,0,1,0,1913.0,1795.0,118.0
1489369,2026-06-11,Mexico,South Africa,True,2,0,A,2.14,155,1.76,0.59,57.19,12.71,4.76,5.05,1.35,127,1.22,1.01,66.0,14.26,4.78,4.56,0,0,0,0,1913.0,1560.0,353.0
256286,2017-03-29,USA,Panama,False,1,1,Draw,1.74,9,3.06,1.13,49.25,6.63,4.63,2.77,1.41,9,0.74,0.68,48.05,9.96,3.19,4.02,0,0,0,0,1751.0,1670.0,81.0
256299,2017-10-06,USA,Panama,True,4,0,A,1.37,14,1.82,1.08,47.81,9.16,4.06,3.76,1.34,14,1.08,0.73,53.03,12.45,4.71,4.98,1,0,1,0,1751.0,1670.0,81.0
225327,2018-01-29,USA,Bosnia and Herzegovina,True,0,0,Draw,1.38,16,1.98,1.08,49.39,11.05,4.99,4.01,1.69,10,2.43,1.42,56.76,13.81,6.65,5.73,0,0,0,0,1742.0,1795.0,-53.0
225399,2018-03-27,USA,Paraguay,True,1,0,A,1.33,17,1.69,0.93,49.39,11.05,4.99,4.01,1.26,18,1.09,1.42,42.78,8.93,3.33,4.47,0,0,0,0,1742.0,1723.0,19.0
225475,2018-06-09,USA,France,False,1,1,Draw,1.52,20,1.68,0.87,49.48,11.15,5.13,5.16,2.37,14,2.14,0.86,60.93,13.66,6.4,5.59,0,0,0,0,1742.0,2092.0,-350.0
225489,2018-09-08,USA,Brazil,True,0,2,B,1.45,21,1.59,0.88,46.31,9.67,4.57,4.59,2.28,27,1.91,0.44,58.82,17.97,8.0,6.92,0,0,0,0,1742.0,2136.0,-394.0
225518,2018-10-11,USA,Colombia,True,2,4,B,1.49,23,1.32,0.9,46.64,9.54,4.26,4.47,1.67,27,1.12,0.7,51.32,9.33,3.61,3.81,0,0,0,0,1742.0,1960.0,-218.0
225551,2018-11-15,USA,England,False,0,3,B,1.25,25,1.36,1.27,47.07,7.6,3.53,3.82,1.76,25,1.44,0.98,52.69,10.01,4.32,4.57,0,0,0,0,1742.0,1959.0,-217.0
218259,2019-01-28,USA,Panama,True,3,0,A,0.94,27,1.02,1.44,41.82,6.64,3.07,3.58,0.45,29,0.65,2.03,43.19,8.82,3.23,2.68,2,1,1,0,1720.0,1504.0,216.0
218266,2019-03-22,USA,Ecuador,True,1,0,A,1.45,29,1.38,1.08,41.82,6.64,3.07,3.58,1.53,24,1.54,1.27,51.68,10.16,3.91,6.07,0,0,0,0,1720.0,1725.0,-5.0
255408,2019-06-27,USA,Panama,False,1,0,A,1.63,35,1.97,0.92,43.01,5.62,2.64,3.39,1.0,35,1.11,1.96,40.7,4.8,1.98,2.91,3,2,1,0,1720.0,1504.0,216.0
255381,2019-07-01,USA,Curaçao,True,1,0,A,1.81,36,1.85,0.8,43.01,5.62,2.64,3.39,1.57,15,2.13,0.69,,,,,0,0,0,0,1720.0,1412.0,308.0
218345,2019-09-11,USA,Uruguay,True,1,1,Draw,1.59,40,1.44,1.06,43.01,5.62,2.64,3.39,2.05,39,1.88,0.72,49.59,12.32,4.89,5.1,0,0,0,0,1720.0,1965.0,-245.0
646697,2020-11-16,USA,Panama,True,6,2,A,1.87,47,1.9,0.69,43.01,5.62,2.64,3.39,1.09,44,0.83,1.45,40.7,4.8,1.98,2.91,4,3,1,0,1745.0,1534.0,211.0
697989,2021-05-30,USA,Switzerland,False,1,2,B,2.44,52,3.31,0.74,43.01,5.62,2.64,3.39,1.87,47,1.95,1.15,55.71,15.51,5.96,6.69,0,0,0,0,1858.0,1933.0,-75.0
723373,2021-07-12,USA,Haiti,True,1,0,A,2.42,56,2.94,0.82,62.78,5.09,2.95,2.21,1.79,34,2.54,1.1,26.0,0.0,0.0,1.0,0,0,0,0,1858.0,1526.0,332.0
746998,2021-07-29,USA,Qatar,False,1,0,A,2.67,60,2.6,0.57,60.62,11.14,5.11,6.06,2.38,61,2.17,0.92,49.36,17.23,5.99,4.57,0,0,0,0,1858.0,1663.0,195.0
708828,2021-10-10,USA,Panama,False,0,1,B,2.49,66,2.08,0.46,56.44,12.26,5.01,5.45,1.38,60,1.66,1.14,55.39,10.81,3.74,4.82,5,4,1,0,1858.0,1627.0,231.0
811321,2021-12-19,USA,Bosnia and Herzegovina,True,1,0,A,2.19,70,1.74,0.58,56.53,11.78,4.07,5.1,0.9,52,0.87,1.42,50.82,14.97,4.48,5.94,1,0,1,0,1858.0,1600.0,258.0
708860,2022-03-27,USA,Panama,True,5,1,A,2.04,75,1.37,0.48,57.24,12.57,4.55,5.48,1.39,69,1.36,1.3,56.04,11.78,3.37,5.87,6,4,1,1,1817.0,1646.0,171.0
858424,2022-06-01,USA,Morocco,True,3,0,A,1.88,77,1.6,0.74,56.19,13.23,4.81,6.11,2.19,78,2.22,0.82,59.86,15.95,6.23,5.25,0,0,0,0,1817.0,1866.0,-49.0
860181,2022-06-05,USA,Uruguay,True,0,0,Draw,2.03,78,1.78,0.64,56.19,13.23,4.81,6.11,2.01,68,1.52,0.84,47.32,13.06,4.47,5.06,1,0,1,0,1817.0,1904.0,-87.0
942148,2022-09-23,USA,Japan,False,0,2,B,1.9,81,1.87,0.55,56.19,13.23,4.81,5.77,2.08,82,2.25,0.61,60.02,15.87,5.69,4.98,0,0,0,0,1817.0,1851.0,-34.0
942155,2022-09-27,USA,Saudi Arabia,False,0,0,Draw,1.66,82,1.63,0.74,56.19,13.23,4.81,5.77,1.29,76,0.7,0.66,61.24,10.11,3.17,4.21,0,0,0,0,1817.0,1644.0,173.0
855749,2022-11-25,USA,England,False,0,0,Draw,1.5,84,1.36,0.69,56.59,10.4,3.41,5.31,1.61,73,2.46,1.3,60.75,13.05,5.66,5.65,1,0,0,1,1817.0,1966.0,-149.0
855762,2022-11-29,USA,IR Iran,False,1,0,A,1.43,85,1.18,0.6,54.01,10.32,2.92,5.62,2.05,66,1.63,1.09,52.87,11.64,4.02,5.14,0,0,0,0,1817.0,1780.0,37.0
976533,2022-12-03,USA,Netherlands,False,1,3,B,1.64,86,1.16,0.52,53.44,10.64,3.32,5.51,2.43,65,2.14,0.7,58.13,12.75,4.43,4.66,0,0,0,0,1817.0,2073.0,-256.0
984803,2023-01-29,USA,Colombia,True,0,0,Draw,1.24,88,1.12,1.0,55.58,13.19,4.3,5.85,2.16,73,1.64,0.67,57.77,12.26,4.24,5.53,1,0,0,1,1774.0,1984.0,-210.0
1060869,2023-07-12,USA,Panama,True,1,1,Draw,1.94,98,2.64,0.69,54.35,13.4,4.8,6.4,1.74,90,1.71,1.18,58.13,12.47,4.44,4.37,7,5,1,1,1774.0,1765.0,9.0
1045877,2023-09-09,USA,Uzbekistan,True,3,0,A,1.82,99,2.43,0.73,52.8,13.49,4.53,5.8,2.0,75,1.94,0.63,44.71,9.22,3.82,3.52,0,0,0,0,1774.0,1643.0,131.0
1029482,2023-10-14,USA,Germany,True,1,3,B,2.11,101,2.7,0.55,55.37,14.22,5.36,6.01,1.28,76,1.68,1.77,63.61,14.52,5.0,5.24,0,0,0,0,1774.0,1885.0,-111.0
1029483,2023-10-18,USA,Ghana,True,4,0,A,1.83,102,2.48,0.87,53.18,13.05,5.03,6.14,1.49,65,1.23,1.25,48.57,6.98,2.02,3.88,0,0,0,0,1774.0,1548.0,226.0
1174091,2024-06-08,USA,Colombia,True,1,5,B,1.94,108,2.24,0.76,57.57,14.84,5.07,6.29,2.52,88,1.61,0.77,50.17,11.69,4.49,3.26,2,0,1,1,1758.0,1977.0,-219.0
1178423,2024-06-12,USA,Brazil,True,1,1,Draw,1.69,109,2.08,1.31,56.82,14.19,4.66,5.73,1.65,94,1.87,1.4,56.02,12.13,5.3,3.81,1,0,0,1,1758.0,1996.0,-238.0
1146310,2024-06-28,USA,Panama,False,1,2,B,1.78,111,1.95,1.11,55.31,14.71,5.37,5.24,1.53,105,1.51,1.21,54.84,14.2,5.07,4.98,8,5,2,1,1758.0,1726.0,32.0
1146317,2024-07-02,USA,Uruguay,True,0,1,B,1.55,112,1.82,1.22,51.42,13.55,5.06,4.55,2.14,91,2.4,0.62,50.09,12.06,4.72,4.41,2,0,2,0,1758.0,1948.0,-190.0
1215628,2024-09-10,USA,New Zealand,True,1,1,Draw,1.17,114,1.51,1.3,52.12,12.18,4.81,3.93,1.54,47,1.75,0.94,48.83,7.16,1.97,4.78,0,0,0,0,1758.0,1583.0,175.0
1215629,2024-10-13,USA,Panama,True,2,0,A,1.15,115,1.44,1.26,53.95,12.81,4.84,4.33,1.64,108,1.53,1.66,55.22,13.88,4.77,3.85,9,5,2,2,1758.0,1726.0,32.0
1316375,2025-03-20,USA,Panama,True,0,1,B,1.97,121,1.96,1.0,57.68,11.85,5.16,4.35,1.23,113,1.3,2.15,50.6,12.44,4.05,3.78,10,6,2,2,1747.0,1742.0,5.0
1360317,2025-06-07,USA,Türkiye,True,1,2,B,1.49,123,1.62,1.13,59.04,10.97,4.73,4.7,1.94,94,1.85,1.15,56.47,16.36,5.25,5.19,0,0,0,0,1747.0,1880.0,-133.0
1360318,2025-06-11,USA,Switzerland,True,0,4,B,1.3,124,1.54,1.25,59.03,11.24,4.5,4.61,1.45,102,1.83,1.57,57.44,12.48,4.48,5.73,1,0,0,1,1747.0,1897.0,-150.0
1371367,2025-06-20,USA,Saudi Arabia,False,1,0,A,1.37,126,1.81,1.4,59.33,12.03,4.84,4.77,1.85,125,1.35,0.81,55.35,11.19,3.98,3.42,1,0,1,0,1747.0,1592.0,155.0
1371373,2025-06-22,USA,Haiti,True,2,1,A,1.59,127,1.71,1.21,60.33,11.11,4.6,4.67,1.82,67,2.68,1.25,58.85,18.41,6.42,6.0,1,1,0,0,1747.0,1542.0,205.0
1375498,2025-09-06,USA,Korea Republic,True,0,2,B,1.6,131,1.7,1.35,57.25,11.82,4.72,4.3,2.08,121,1.97,0.57,72.25,14.57,5.4,7.57,0,0,0,0,1747.0,1784.0,-37.0
1375501,2025-09-09,USA,Japan,True,2,0,A,1.39,132,1.48,1.44,56.82,12.62,4.76,4.52,2.3,124,2.48,0.32,63.49,13.14,4.86,6.24,1,0,0,1,1747.0,1878.0,-131.0
1402649,2025-10-11,USA,Ecuador,True,1,1,Draw,1.6,133,1.55,1.25,57.5,11.5,4.4,3.93,1.76,103,0.78,0.26,52.4,10.63,3.84,3.37,1,1,0,0,1747.0,1933.0,-186.0
1405465,2025-10-15,USA,Australia,True,2,1,A,1.52,134,1.48,1.22,58.6,11.43,4.48,4.46,2.52,97,1.88,0.51,46.01,8.74,3.51,3.35,0,0,0,0,1747.0,1773.0,-26.0
1457378,2025-11-15,USA,Paraguay,True,2,1,A,1.72,135,1.55,1.19,59.31,11.38,4.42,4.27,1.37,93,0.96,1.04,39.59,10.0,3.22,3.74,1,1,0,0,1747.0,1833.0,-86.0
1457379,2025-11-19,USA,Uruguay,True,5,1,A,1.88,136,1.6,1.16,58.75,10.94,4.23,4.37,1.72,111,1.01,0.49,54.63,9.89,3.01,5.01,3,0,2,1,1747.0,1890.0,-143.0
1503003,2026-03-28,USA,Belgium,True,2,5,B,2.03,137,2.05,1.14,57.35,10.82,4.59,4.71,1.9,108,2.96,0.9,65.78,19.6,7.4,9.55,0,0,0,0,1747.0,1961.0,-214.0
1503004,2026-03-31,USA,Portugal,True,0,2,B,1.76,138,2.04,1.64,56.65,10.97,4.65,4.88,1.87,110,2.55,1.03,65.64,19.77,6.6,6.41,0,0,0,0,1747.0,1995.0,-248.0
1503008,2026-05-31,USA,Senegal,True,3,2,A,1.54,139,1.77,1.69,54.36,10.45,4.3,4.37,2.32,141,2.08,0.73,59.67,14.12,6.69,6.55,0,0,0,0,1747.0,1816.0,-69.0
1502474,2026-06-06,USA,Germany,True,1,2,B,1.73,140,1.93,1.73,53.14,10.79,4.13,4.19,2.45,108,2.8,0.93,65.89,18.79,7.27,7.19,1,0,0,1,1747.0,1907.0,-160.0
1489370,2026-06-13,USA,Paraguay,True,4,1,A,1.5,141,1.81,1.77,52.99,11.46,4.11,4.95,1.62,98,1.45,0.98,38.46,10.31,4.19,3.96,2,2,0,0,1747.0,1814.0,-67.0
257044,2015-10-08,Australia,Jordan,False,0,2,B,3.0,3,3.37,0.29,,,,,2.34,3,2.39,0.29,,,,,0,0,0,0,1703.0,1530.0,173.0
257112,2016-03-29,Australia,Jordan,True,5,1,A,2.59,7,3.72,0.37,,,,,2.25,7,3.17,0.27,,,,,1,0,0,1,1712.0,1504.0,208.0
256915,2016-09-01,Australia,Iraq,True,2,0,A,2.67,8,3.97,0.49,,,,,2.04,6,1.96,0.93,,,,,0,0,0,0,1712.0,1475.0,237.0
256932,2016-10-06,Australia,Saudi Arabia,False,2,2,Draw,2.77,10,3.16,0.33,66.44,11.86,5.4,8.53,2.57,10,2.74,0.48,53.0,7.93,3.93,7.86,0,0,0,0,1712.0,1580.0,132.0
256933,2016-10-11,Australia,Japan,True,1,1,Draw,2.48,11,2.97,0.61,60.56,12.68,5.63,5.67,2.54,11,2.8,0.42,54.81,14.52,8.23,6.63,0,0,0,0,1712.0,1754.0,-42.0
256947,2017-03-23,Australia,Iraq,False,1,1,Draw,2.05,13,2.55,0.88,60.38,10.41,4.87,5.38,1.17,11,1.52,1.33,46.26,9.56,5.19,7.53,1,1,0,0,1729.0,1572.0,157.0
256957,2017-06-08,Australia,Saudi Arabia,True,3,2,A,2.06,15,2.27,0.76,56.23,10.12,4.77,7.24,2.31,15,2.28,0.6,49.38,6.71,3.25,3.95,1,0,1,0,1729.0,1570.0,159.0
256964,2017-08-31,Australia,Japan,False,0,2,B,2.19,16,2.38,0.94,55.02,9.91,4.81,6.8,2.34,16,2.38,0.51,48.23,10.33,5.79,3.96,1,0,1,0,1729.0,1706.0,23.0
225342,2018-03-23,Australia,Norway,False,1,4,B,2.05,22,1.83,0.93,60.9,12.56,5.41,6.14,1.61,10,2.04,1.48,52.83,13.99,5.33,6.19,0,0,0,0,1736.0,1678.0,58.0
225396,2018-03-27,Australia,Colombia,False,0,0,Draw,1.77,23,1.71,1.34,60.05,11.09,5.16,5.6,1.55,19,1.3,1.14,51.49,10.12,4.65,4.0,0,0,0,0,1736.0,1960.0,-224.0
225430,2018-06-01,Australia,Czechia,True,4,0,A,1.67,24,1.48,1.16,60.05,11.09,5.16,5.6,1.65,12,2.07,1.13,56.86,17.89,6.92,7.14,0,0,0,0,1736.0,1728.0,8.0
135781,2018-06-16,Australia,France,False,1,2,B,2.0,26,1.84,1.01,58.8,10.66,4.51,5.27,2.17,15,1.97,0.88,61.98,14.45,6.64,6.09,0,0,0,0,1736.0,2092.0,-356.0
225560,2018-11-17,Australia,Korea Republic,True,1,1,Draw,1.63,30,1.76,1.07,55.82,10.98,3.54,5.14,1.49,34,1.27,1.02,43.14,11.19,4.13,4.86,0,0,0,0,1736.0,1778.0,-42.0
118099,2019-01-06,Australia,Jordan,True,0,1,B,1.74,32,1.84,0.92,55.82,10.98,3.54,5.14,1.33,23,1.25,0.85,,,,,2,1,0,1,1713.0,1477.0,236.0
118087,2019-01-21,Australia,Uzbekistan,True,0,0,Draw,1.87,35,1.94,0.97,56.72,10.7,4.24,4.82,1.36,31,1.22,1.14,43.35,6.06,2.51,4.86,0,0,0,0,1713.0,1580.0,133.0
218303,2019-06-07,Australia,Korea Republic,False,0,1,B,1.53,37,1.46,0.86,56.45,11.43,4.85,6.02,2.16,44,1.34,0.6,60.85,11.72,4.68,6.14,1,0,1,0,1713.0,1772.0,-59.0
256181,2019-11-14,Australia,Jordan,False,1,0,A,1.9,41,2.61,0.71,56.45,11.43,4.85,6.02,1.58,37,1.45,1.07,49.69,9.87,4.05,3.76,3,1,0,2,1713.0,1477.0,236.0
256249,2021-06-15,Australia,Jordan,True,1,0,A,2.37,45,2.83,0.52,64.28,13.76,7.89,8.5,1.58,51,1.17,0.92,49.69,9.87,4.05,3.76,4,2,0,2,1734.0,1529.0,205.0
721221,2021-10-12,Australia,Japan,False,1,2,B,2.64,49,2.51,0.43,63.34,13.88,6.43,6.18,1.98,68,2.65,0.6,62.79,14.64,5.41,5.42,2,0,1,1,1734.0,1760.0,-26.0
721227,2021-11-11,Australia,Saudi Arabia,True,0,0,Draw,2.3,50,2.31,0.63,61.76,13.05,6.01,5.64,2.6,64,2.16,0.63,60.6,10.91,3.87,3.29,2,1,1,0,1734.0,1628.0,106.0
721251,2022-03-24,Australia,Japan,True,0,2,B,1.97,54,2.13,0.72,60.0,12.42,5.63,5.41,2.49,73,2.14,0.37,57.91,13.43,4.91,5.14,3,0,1,2,1772.0,1851.0,-79.0
721258,2022-03-29,Australia,Saudi Arabia,False,0,1,B,1.71,55,1.86,0.89,57.51,11.91,5.24,5.2,1.57,72,1.07,0.79,61.99,10.37,2.97,4.5,3,1,2,0,1772.0,1644.0,128.0
861483,2022-06-01,Australia,Jordan,True,2,1,A,1.49,56,1.62,0.9,55.26,11.35,4.77,5.17,1.96,65,1.87,1.09,38.87,7.21,0.3,1.21,5,3,0,2,1772.0,1590.0,182.0
942142,2022-09-22,Australia,New Zealand,True,1,0,A,1.75,59,1.49,0.81,52.59,10.84,4.24,4.81,1.69,31,1.84,0.62,64.11,13.85,3.59,5.86,0,0,0,0,1772.0,1527.0,245.0
865800,2022-09-25,Australia,New Zealand,False,2,0,A,1.91,60,1.42,0.7,52.59,10.84,4.24,4.81,1.47,32,1.6,0.67,64.11,13.85,3.59,5.86,1,1,0,0,1772.0,1527.0,245.0
871850,2022-11-22,Australia,France,False,1,4,B,2.05,61,1.5,0.61,52.59,10.84,4.24,4.81,1.6,71,1.7,0.95,56.35,16.38,6.57,6.23,1,0,0,1,1772.0,2081.0,-309.0
871852,2022-11-26,Australia,Tunisia,False,1,0,A,1.78,62,1.43,1.05,49.8,9.53,3.62,4.08,1.77,76,1.22,0.77,44.03,9.83,2.1,5.5,0,0,0,0,1772.0,1745.0,27.0
976642,2022-12-03,Australia,Argentina,False,1,2,B,2.08,64,1.33,0.79,45.41,9.19,3.44,3.41,2.52,79,2.44,0.31,63.0,14.11,6.36,5.63,0,0,0,0,1772.0,2144.0,-372.0
1012326,2023-03-24,Australia,Ecuador,True,3,1,A,1.81,65,1.29,0.95,44.36,8.5,3.04,3.35,1.34,71,0.88,0.71,54.4,10.82,3.68,5.32,0,0,0,0,1783.0,1882.0,-99.0
1012341,2023-03-28,Australia,Ecuador,True,1,2,B,1.96,66,1.51,0.96,43.18,8.74,3.51,2.97,1.17,72,0.9,1.01,55.77,11.01,4.05,4.95,1,1,0,0,1783.0,1882.0,-99.0
1028642,2023-06-15,Australia,Argentina,False,0,2,B,1.71,67,1.44,1.09,44.55,8.47,3.28,2.67,2.44,85,3.03,0.64,57.88,11.53,5.31,4.34,1,0,0,1,1783.0,2139.0,-356.0
1012351,2023-10-13,Australia,England,False,0,1,B,1.42,69,1.35,1.31,42.31,7.92,2.94,2.74,2.19,83,2.76,0.74,60.93,12.81,6.09,4.73,0,0,0,0,1783.0,2014.0,-231.0
1068053,2023-10-17,Australia,New Zealand,True,2,0,A,1.24,70,1.18,1.27,40.96,8.8,3.1,3.5,1.24,37,1.23,1.17,57.1,10.46,3.14,5.43,2,2,0,0,1783.0,1525.0,258.0
1034519,2024-01-23,Australia,Uzbekistan,True,1,1,Draw,2.34,77,1.81,0.48,54.79,12.6,4.13,5.14,2.18,85,2.0,0.75,53.55,16.33,4.89,3.98,1,0,1,0,1718.0,1684.0,34.0
1169460,2024-02-02,Australia,Korea Republic,True,1,2,B,2.27,79,2.0,0.48,54.42,11.31,3.75,4.87,1.86,102,2.26,1.06,64.44,15.43,5.76,8.08,2,0,1,1,1718.0,1774.0,-56.0
1218515,2024-10-15,Australia,Japan,False,1,1,Draw,2.09,87,2.11,0.48,60.57,13.32,4.5,5.9,2.68,113,3.72,0.42,63.17,14.48,6.65,5.53,4,0,1,3,1718.0,1889.0,-171.0
1218524,2024-11-14,Australia,Saudi Arabia,True,0,0,Draw,1.95,88,1.97,0.55,57.22,11.71,3.91,5.13,1.46,112,1.06,0.85,62.68,14.33,4.42,6.31,4,1,2,1,1718.0,1536.0,182.0
1218560,2025-06-05,Australia,Japan,True,1,0,A,2.03,92,2.15,0.63,53.32,10.53,3.86,5.13,2.43,118,2.79,0.38,65.87,13.05,5.26,6.66,5,0,2,3,1773.0,1878.0,-105.0
1218569,2025-06-10,Australia,Saudi Arabia,False,2,1,A,2.16,93,2.0,0.54,50.4,9.94,3.74,4.59,1.92,123,1.47,0.77,55.23,11.7,3.45,4.25,5,1,3,1,1773.0,1592.0,181.0
1396840,2025-09-05,Australia,New Zealand,True,1,0,A,2.27,94,2.0,0.6,47.74,9.16,3.65,4.25,2.11,56,3.17,0.64,44.99,7.38,2.24,3.61,3,3,0,0,1773.0,1585.0,188.0
1396842,2025-09-09,Australia,New Zealand,False,3,1,A,2.36,95,1.87,0.52,47.51,8.75,3.56,3.96,1.83,57,2.76,0.68,49.28,8.15,3.08,4.25,4,4,0,0,1773.0,1585.0,188.0
1485025,2025-11-19,Australia,Colombia,False,0,3,B,1.9,99,1.54,0.74,43.31,8.81,3.51,3.28,1.9,111,2.08,0.91,57.23,13.07,5.25,3.92,1,0,1,0,1773.0,1998.0,-225.0
1537256,2026-03-31,Australia,Curaçao,True,5,1,A,1.83,101,1.3,0.9,42.1,7.92,3.19,2.86,1.56,67,1.85,0.83,53.45,14.14,5.8,4.26,0,0,0,0,1795.0,1438.0,357.0
1542181,2026-06-06,Australia,Switzerland,False,1,1,Draw,1.73,103,1.55,0.93,41.92,7.77,2.82,2.88,1.79,112,2.23,1.07,58.42,11.71,5.01,4.21,0,0,0,0,1795.0,1943.0,-148.0
1539001,2026-06-14,Australia,Türkiye,True,2,0,A,1.63,104,1.47,0.93,41.13,7.33,2.69,2.74,2.43,106,2.21,0.99,55.17,15.16,5.41,7.45,0,0,0,0,1795.0,1852.0,-57.0
256921,2016-09-06,Iraq,Saudi Arabia,True,1,2,B,1.61,7,1.55,1.15,25.0,5.0,2.0,3.0,2.47,9,2.89,0.37,53.0,9.0,5.0,10.0,0,0,0,0,1475.0,1580.0,-105.0
256927,2016-10-06,Iraq,Japan,False,1,2,B,1.3,8,1.45,1.32,36.76,5.53,2.0,5.14,2.45,10,2.96,0.3,59.6,16.07,9.6,8.86,0,0,0,0,1475.0,1754.0,-279.0
256956,2017-03-28,Iraq,Saudi Arabia,False,0,1,B,1.14,12,1.44,1.27,48.04,9.2,4.92,7.18,2.19,14,2.5,0.7,49.48,7.16,3.85,3.42,1,0,0,1,1572.0,1570.0,2.0
256960,2017-06-13,Iraq,Japan,True,1,1,Draw,0.96,13,1.21,1.23,48.66,8.74,4.52,7.56,2.57,15,2.61,0.42,49.72,10.89,6.45,4.43,1,0,0,1,1572.0,1706.0,-134.0
225332,2018-02-28,Iraq,Saudi Arabia,True,4,1,A,1.52,16,1.26,1.0,52.04,10.25,4.5,5.83,2.03,19,2.06,0.81,52.61,8.33,3.1,4.12,2,0,0,2,1581.0,1583.0,-2.0
225335,2018-03-21,Iraq,Qatar,True,2,3,B,1.73,17,1.65,1.0,52.04,10.25,4.5,5.83,1.02,18,1.3,1.43,49.89,9.77,4.21,4.67,0,0,0,0,1581.0,1522.0,59.0
225515,2018-10-11,Iraq,Argentina,True,0,4,B,1.51,22,1.66,1.07,52.04,10.25,4.5,5.83,1.53,27,1.56,1.31,59.98,11.95,5.27,5.5,0,0,0,0,1581.0,1920.0,-339.0
225529,2018-10-15,Iraq,Saudi Arabia,False,1,1,Draw,1.3,23,1.43,1.47,58.94,10.8,6.23,6.51,1.0,32,1.08,1.84,51.61,8.41,2.46,3.28,3,1,0,2,1581.0,1583.0,-2.0
118128,2019-01-16,Iraq,IR Iran,False,0,0,Draw,1.84,28,1.62,1.02,55.8,10.37,6.07,4.65,2.28,33,1.73,0.43,46.8,10.21,4.48,3.82,0,0,0,0,1623.0,1739.0,-116.0
118090,2019-01-22,Iraq,Qatar,False,0,1,B,1.73,29,1.41,0.89,54.85,9.53,5.3,4.24,2.15,29,2.27,0.91,49.1,8.01,4.09,5.1,1,0,0,1,1623.0,1668.0,-45.0
218381,2019-03-26,Iraq,Jordan,True,3,2,A,1.7,31,1.19,0.78,51.99,9.19,4.57,4.63,1.35,28,1.09,0.78,49.69,9.87,4.05,3.76,0,0,0,0,1623.0,1477.0,146.0
218307,2019-06-07,Iraq,Tunisia,False,0,2,B,1.87,32,1.43,0.94,51.99,9.19,4.57,4.63,1.51,24,1.52,1.13,52.9,11.66,4.19,3.44,0,0,0,0,1623.0,1619.0,4.0
240854,2019-09-09,Iraq,Uzbekistan,False,0,0,Draw,1.54,34,1.21,1.07,51.99,9.19,4.57,4.63,1.43,38,1.16,1.06,41.71,5.93,1.73,5.15,0,0,0,0,1623.0,1580.0,43.0
256178,2019-11-14,Iraq,IR Iran,True,2,1,A,1.85,37,1.54,0.7,51.99,9.19,4.57,4.63,1.95,42,3.0,0.53,50.08,9.71,3.76,4.79,1,0,1,0,1623.0,1739.0,-116.0
291255,2019-11-26,Iraq,Qatar,False,2,1,A,1.87,39,1.39,0.65,51.99,9.19,4.57,4.63,2.22,43,1.77,0.58,46.74,6.48,3.14,2.47,2,0,0,2,1623.0,1668.0,-45.0
644705,2020-11-12,Iraq,Jordan,False,0,0,Draw,1.86,43,1.43,0.72,51.99,9.19,4.57,4.63,1.58,39,1.75,0.92,49.69,9.87,4.05,3.76,1,1,0,0,1627.0,1491.0,136.0
640122,2020-11-17,Iraq,Uzbekistan,False,2,1,A,1.75,44,1.24,0.62,51.99,9.19,4.57,4.63,1.52,49,1.45,1.09,41.71,5.93,1.73,5.15,1,0,1,0,1627.0,1552.0,75.0
685897,2021-03-29,Iraq,Uzbekistan,False,1,0,A,1.95,47,1.27,0.64,51.99,9.19,4.57,4.63,1.73,52,1.54,1.04,41.71,5.93,1.73,5.15,2,1,1,0,1551.0,1524.0,27.0
256250,2021-06-15,Iraq,IR Iran,False,0,1,B,2.31,52,1.88,0.63,51.99,9.19,4.57,4.63,2.44,49,3.66,0.48,50.08,9.71,3.76,4.79,2,1,1,0,1551.0,1837.0,-286.0
721201,2021-09-02,Iraq,Korea Republic,False,0,0,Draw,2.01,53,1.64,0.68,51.99,9.19,4.57,4.63,2.17,61,2.22,0.88,74.46,20.43,10.54,8.02,0,0,0,0,1551.0,1788.0,-237.0
721206,2021-09-07,Iraq,IR Iran,True,0,3,B,1.88,54,1.42,0.59,34.74,2.98,0.62,4.95,2.57,51,3.01,0.36,61.73,9.88,3.9,4.91,3,1,1,1,1551.0,1837.0,-286.0
721230,2021-11-16,Iraq,Korea Republic,True,0,3,B,1.42,58,1.17,0.95,46.44,10.39,2.39,3.96,2.21,66,1.63,0.65,66.51,19.45,6.57,7.98,1,0,1,0,1551.0,1788.0,-237.0
748088,2021-12-06,Iraq,Qatar,False,0,3,B,1.18,61,0.89,1.03,43.64,9.4,2.3,3.45,1.47,71,1.22,1.8,46.03,11.35,3.61,3.12,3,1,0,2,1551.0,1663.0,-112.0
721236,2022-01-27,Iraq,IR Iran,False,0,1,B,1.28,63,0.8,1.12,43.64,9.4,2.3,3.45,2.59,56,2.52,0.39,56.7,13.42,4.53,6.95,4,1,1,2,1575.0,1780.0,-205.0
965470,2022-11-12,Iraq,Ecuador,False,0,0,Draw,1.42,71,0.88,1.24,41.81,10.77,2.29,4.19,1.48,67,0.78,0.59,50.37,11.2,3.56,5.31,0,0,0,0,1575.0,1841.0,-266.0
970825,2023-01-09,Iraq,Saudi Arabia,False,2,0,A,1.5,74,0.7,0.82,38.2,8.99,1.99,3.44,1.39,87,0.9,0.83,47.71,10.45,2.67,3.75,4,1,1,2,1621.0,1586.0,35.0
989514,2023-01-16,Iraq,Qatar,True,2,1,A,1.87,76,1.4,0.62,38.2,8.99,1.99,3.44,1.32,92,1.13,1.26,42.74,7.02,2.4,3.23,4,1,0,3,1621.0,1534.0,87.0
1028648,2023-06-16,Iraq,Colombia,False,0,1,B,1.86,79,1.46,0.99,35.86,10.13,2.37,2.89,2.02,76,1.56,0.8,54.37,11.93,3.99,5.01,0,0,0,0,1621.0,1984.0,-363.0
1125813,2023-10-13,Iraq,Qatar,False,0,0,Draw,1.47,82,1.45,1.24,34.99,7.67,1.96,2.62,1.06,100,1.0,1.52,42.77,7.11,2.16,3.21,5,2,0,3,1621.0,1534.0,87.0
1138456,2023-10-17,Iraq,Jordan,True,2,2,Draw,1.41,83,1.26,1.08,34.99,7.67,1.96,2.62,1.34,78,1.54,1.91,36.0,10.39,3.74,1.87,2,1,1,0,1621.0,1503.0,118.0
1155241,2024-01-06,Iraq,Korea Republic,True,0,1,B,1.76,86,1.72,1.02,34.99,7.67,1.96,2.62,2.08,97,2.53,0.62,59.44,10.61,4.15,5.58,2,0,1,1,1584.0,1774.0,-190.0
1034509,2024-01-19,Iraq,Japan,True,2,1,A,1.72,88,1.69,1.01,47.21,9.66,3.59,3.5,2.66,102,3.86,0.82,55.36,16.1,7.19,5.77,2,0,1,1,1584.0,1889.0,-305.0
1167787,2024-01-29,Iraq,Jordan,True,2,3,B,2.03,90,1.9,1.14,46.99,12.31,3.56,3.33,1.11,87,1.49,1.87,47.2,11.68,4.53,4.15,3,1,2,0,1584.0,1617.0,-33.0
1218512,2024-10-15,Iraq,Korea Republic,False,2,3,B,2.31,98,1.74,0.61,48.14,9.78,2.81,4.31,2.22,111,2.19,0.61,70.25,14.18,5.72,6.78,3,0,1,2,1584.0,1774.0,-190.0
1218521,2024-11-14,Iraq,Jordan,True,0,0,Draw,2.01,99,1.77,0.92,43.57,9.45,2.66,4.25,1.99,101,2.11,0.95,41.57,15.02,4.97,5.82,4,1,2,1,1584.0,1617.0,-33.0
1315401,2024-12-28,Iraq,Saudi Arabia,True,1,3,B,1.87,103,1.23,0.79,45.59,8.77,2.62,3.85,1.49,117,1.44,1.29,64.12,14.17,3.8,6.7,5,2,1,2,1584.0,1536.0,48.0
1218557,2025-06-05,Iraq,Korea Republic,True,0,2,B,1.34,106,1.26,1.3,48.65,11.33,3.49,6.4,1.93,116,1.91,0.88,71.33,13.1,4.67,6.18,4,0,1,3,1582.0,1784.0,-202.0
1218566,2025-06-10,Iraq,Jordan,False,1,0,A,1.17,107,1.1,1.39,43.89,10.1,3.2,5.36,1.64,109,1.57,0.85,40.7,11.73,4.32,4.84,5,1,3,1,1582.0,1689.0,-107.0
1479255,2025-10-14,Iraq,Saudi Arabia,False,0,0,Draw,1.95,111,1.15,0.89,46.28,8.85,3.06,4.37,1.67,131,1.36,1.13,55.38,10.37,4.75,3.37,6,2,1,3,1582.0,1592.0,-10.0
1482947,2025-12-09,Iraq,Algeria,False,0,2,B,2.16,116,1.34,0.74,46.25,8.58,2.89,4.26,2.24,120,2.18,0.6,59.03,3.87,1.54,5.81,0,0,0,0,1582.0,1757.0,-175.0
1490917,2025-12-12,Iraq,Jordan,False,0,1,B,1.88,117,1.17,0.91,46.25,8.58,2.89,4.26,1.71,119,1.74,1.0,29.3,11.73,4.49,3.89,6,2,3,1,1582.0,1689.0,-107.0
1544359,2026-06-04,Iraq,Spain,False,1,1,Draw,1.97,120,1.13,0.81,46.25,8.58,2.89,4.26,2.29,112,2.66,0.73,65.27,20.28,8.02,6.82,0,0,0,0,1561.0,2177.0,-616.0
1539016,2026-06-16,Iraq,Norway,True,1,4,B,1.6,122,0.97,0.98,42.35,6.8,2.61,3.86,2.02,93,2.59,0.88,54.77,14.8,5.05,5.79,0,0,0,0,1561.0,1972.0,-411.0
256919,2016-09-01,IR Iran,Qatar,True,2,0,A,2.63,8,3.3,0.31,,,,,2.42,8,3.02,0.58,47.0,7.0,1.0,1.0,0,0,0,0,1775.0,1558.0,217.0
256930,2016-10-06,IR Iran,Uzbekistan,False,1,0,A,2.41,10,2.53,0.21,51.51,14.67,4.53,6.07,2.85,10,1.91,0.45,49.51,7.07,4.0,10.79,0,0,0,0,1775.0,1669.0,106.0
256936,2016-10-11,IR Iran,Korea Republic,True,1,0,A,2.5,11,2.28,0.18,49.8,11.75,3.57,4.9,2.71,11,2.68,0.58,63.21,9.34,4.1,5.4,0,0,0,0,1775.0,1790.0,-15.0
256950,2017-03-23,IR Iran,Qatar,False,1,0,A,2.34,13,1.75,0.12,51.9,10.42,4.04,5.95,1.53,13,1.58,0.87,47.77,6.79,3.51,2.72,1,1,0,0,1800.0,1455.0,345.0
256958,2017-06-12,IR Iran,Uzbekistan,True,2,0,A,2.52,15,1.54,0.09,51.35,11.79,4.99,6.21,1.96,15,1.27,0.63,48.78,6.98,2.54,4.85,1,1,0,0,1800.0,1611.0,189.0
256967,2017-08-31,IR Iran,Korea Republic,False,0,0,Draw,2.59,16,1.61,0.08,52.06,11.44,4.41,5.59,1.86,16,1.79,0.98,61.03,9.45,4.18,4.93,1,1,0,0,1800.0,1760.0,40.0
225347,2018-03-23,IR Iran,Tunisia,False,0,1,B,2.29,19,1.82,0.29,52.78,11.76,4.52,6.16,2.36,9,1.76,0.68,,,,,0,0,0,0,1823.0,1646.0,177.0
225379,2018-03-27,IR Iran,Algeria,True,2,1,A,1.97,20,1.57,0.39,52.78,11.76,4.52,6.16,1.08,12,1.53,1.41,,,,,0,0,0,0,1823.0,1541.0,282.0
225405,2018-05-19,IR Iran,Uzbekistan,True,1,0,A,2.11,21,1.63,0.47,52.78,11.76,4.52,6.16,1.14,20,0.71,0.94,48.78,7.76,2.66,4.89,2,2,0,0,1823.0,1591.0,232.0
225414,2018-05-28,IR Iran,Türkiye,False,1,2,B,2.23,22,1.54,0.41,52.78,11.76,4.52,6.16,1.6,12,1.41,1.31,55.82,8.03,3.88,3.53,0,0,0,0,1823.0,1690.0,133.0
135779,2018-06-15,IR Iran,Morocco,False,1,0,A,2.07,24,1.41,0.54,54.13,10.79,4.13,5.34,2.52,22,2.12,0.48,65.38,12.69,6.98,7.57,0,0,0,0,1823.0,1728.0,95.0
135796,2018-06-20,IR Iran,Spain,True,0,1,B,2.2,25,1.35,0.47,48.76,10.34,3.59,4.49,2.26,15,2.83,0.84,63.75,13.51,5.74,6.03,0,0,0,0,1823.0,2011.0,-188.0
135811,2018-06-25,IR Iran,Portugal,True,1,1,Draw,1.9,26,1.17,0.54,42.71,9.58,2.78,3.93,2.14,17,2.05,0.91,54.32,13.12,5.24,5.63,0,0,0,0,1823.0,1958.0,-135.0
225501,2018-09-11,IR Iran,Uzbekistan,False,1,0,A,1.78,27,1.15,0.6,39.27,9.05,2.62,3.33,0.87,23,0.59,1.2,48.78,7.76,2.66,4.89,3,3,0,0,1823.0,1591.0,232.0
118095,2019-01-28,IR Iran,Japan,True,0,3,B,2.33,36,1.75,0.28,51.1,10.13,4.2,4.74,2.45,37,1.89,0.82,53.73,7.99,4.69,5.02,0,0,0,0,1739.0,1744.0,-5.0
218319,2019-06-11,IR Iran,Korea Republic,False,1,1,Draw,2.15,38,1.98,0.56,50.08,9.71,3.76,4.79,2.27,45,1.29,0.52,60.85,11.72,4.68,6.14,2,1,1,0,1739.0,1772.0,-33.0
598330,2020-10-08,IR Iran,Uzbekistan,False,2,1,A,1.7,43,2.74,0.72,50.08,9.71,3.76,4.79,1.79,46,1.71,0.99,41.71,5.93,1.73,5.15,4,4,0,0,1763.0,1552.0,211.0
644690,2020-11-12,IR Iran,Bosnia and Herzegovina,False,2,0,A,1.87,44,2.64,0.76,50.08,9.71,3.76,4.79,0.98,37,1.14,1.43,47.41,12.63,4.35,4.82,0,0,0,0,1763.0,1634.0,129.0
721218,2021-10-12,IR Iran,Korea Republic,True,1,1,Draw,2.68,53,2.75,0.27,52.67,10.5,4.19,4.08,2.26,64,1.83,0.71,72.04,19.94,7.52,9.47,3,1,2,0,1837.0,1788.0,49.0
721248,2022-03-24,IR Iran,Korea Republic,False,0,2,B,2.69,58,2.15,0.3,53.67,14.56,5.33,7.49,2.61,71,2.23,0.41,68.28,15.96,6.04,6.3,4,1,3,0,1780.0,1788.0,-8.0
866555,2022-06-12,IR Iran,Algeria,True,1,2,B,2.43,60,1.89,0.45,55.21,12.36,4.48,6.2,1.96,66,1.76,0.73,57.57,14.31,5.76,9.47,1,1,0,0,1780.0,1705.0,75.0
942143,2022-09-23,IR Iran,Uruguay,True,1,0,A,2.11,61,1.77,0.65,55.21,12.36,4.48,6.2,2.03,70,1.8,0.64,47.32,13.06,4.47,5.06,0,0,0,0,1780.0,1904.0,-124.0
960603,2022-09-27,IR Iran,Senegal,False,1,1,Draw,2.23,62,1.67,0.57,55.21,12.36,4.48,6.2,1.9,75,1.61,0.86,57.09,15.09,5.48,5.9,0,0,0,0,1780.0,1745.0,35.0
855735,2022-11-21,IR Iran,England,False,2,6,B,2.19,64,1.51,0.54,65.32,9.8,3.7,6.2,1.41,72,1.93,1.19,58.03,13.06,5.45,5.28,0,0,0,0,1780.0,1966.0,-186.0
1036381,2023-06-20,IR Iran,Uzbekistan,False,1,0,A,2.13,71,2.42,1.04,51.46,12.28,4.08,5.19,2.3,74,2.23,0.58,44.71,9.22,3.82,3.52,5,5,0,0,1827.0,1643.0,184.0
1125814,2023-10-13,IR Iran,Jordan,False,3,1,A,2.43,74,2.33,0.69,49.8,11.44,3.8,4.29,1.54,77,1.62,1.75,36.0,10.39,3.74,2.22,0,0,0,0,1827.0,1503.0,324.0
1138455,2023-10-17,IR Iran,Qatar,False,4,0,A,2.5,75,2.41,0.73,49.8,11.44,3.8,3.67,1.06,101,0.87,1.33,42.77,7.11,2.16,3.21,2,2,0,0,1827.0,1534.0,293.0
1100335,2023-11-21,IR Iran,Uzbekistan,False,2,2,Draw,2.62,77,2.8,0.55,52.66,14.12,4.42,4.94,2.11,80,2.04,1.04,48.67,16.66,5.28,5.72,6,6,0,0,1827.0,1643.0,184.0
1169668,2024-02-03,IR Iran,Japan,True,2,1,A,2.48,84,2.47,0.71,59.39,15.28,5.66,5.5,2.48,105,3.37,0.98,59.11,15.2,5.52,6.52,1,0,0,1,1838.0,1889.0,-51.0
1170899,2024-02-07,IR Iran,Qatar,True,2,3,B,2.55,85,2.41,0.75,55.83,15.63,5.32,5.01,1.95,111,1.7,0.89,54.9,11.03,3.74,4.61,3,3,0,0,1838.0,1524.0,314.0
1100368,2024-06-11,IR Iran,Uzbekistan,True,0,0,Draw,2.49,89,2.68,0.95,56.43,17.04,5.26,6.3,2.34,91,2.09,0.68,48.47,15.43,4.86,5.52,7,6,1,0,1838.0,1684.0,154.0
1218498,2024-10-10,IR Iran,Uzbekistan,False,0,0,Draw,2.47,92,2.0,0.62,54.68,16.44,4.24,4.6,2.37,94,1.88,0.71,51.91,15.3,5.64,5.95,8,6,2,0,1838.0,1684.0,154.0
1218509,2024-10-15,IR Iran,Qatar,True,4,1,A,2.27,93,1.74,0.54,54.75,15.04,4.41,4.68,2.03,120,1.95,1.19,60.76,15.87,5.35,6.36,4,3,0,1,1838.0,1524.0,314.0
1218543,2025-03-25,IR Iran,Uzbekistan,True,2,2,Draw,2.58,97,2.24,0.82,54.17,15.38,6.49,3.8,2.11,100,1.29,0.56,55.09,18.28,5.44,5.85,9,6,3,0,1755.0,1735.0,20.0
1218554,2025-06-05,IR Iran,Qatar,False,0,1,B,2.38,98,2.21,0.97,55.28,16.13,6.73,4.15,1.35,128,1.81,1.87,57.54,12.62,5.03,5.09,5,4,0,1,1755.0,1425.0,330.0
1463543,2025-09-08,IR Iran,Uzbekistan,True,0,1,B,2.21,103,2.25,0.92,56.41,16.14,6.43,3.67,2.14,106,1.79,0.59,51.58,15.73,4.91,5.37,10,6,4,0,1755.0,1735.0,20.0
1485001,2025-11-13,IR Iran,Cabo Verde,True,0,0,Draw,1.84,106,1.86,0.93,53.73,14.23,5.39,4.22,1.99,77,1.68,0.82,51.51,15.3,3.81,3.81,0,0,0,0,1755.0,1561.0,194.0
1486558,2025-11-18,IR Iran,Uzbekistan,False,0,0,Draw,1.73,107,1.61,0.81,53.73,14.23,5.39,4.22,2.17,110,1.68,0.56,48.0,13.36,4.09,4.37,11,6,4,1,1755.0,1735.0,20.0
1489378,2026-06-16,IR Iran,New Zealand,True,2,2,Draw,1.96,112,1.98,0.69,53.73,14.23,5.39,4.22,0.87,66,1.34,1.56,39.47,8.57,2.8,4.1,0,0,0,0,1764.0,1534.0,230.0
256939,2016-11-15,Japan,Saudi Arabia,True,2,1,A,2.29,12,2.52,0.51,48.78,11.62,6.94,5.52,2.42,12,2.68,0.61,51.64,9.49,4.88,4.83,0,0,0,0,1754.0,1580.0,174.0
256974,2017-09-05,Japan,Saudi Arabia,False,0,1,B,2.44,17,2.32,0.43,48.23,10.33,5.79,3.96,1.69,17,2.06,1.1,52.32,8.2,3.32,4.77,1,1,0,0,1706.0,1570.0,136.0
225423,2018-05-30,Japan,Ghana,True,0,2,B,1.67,20,1.74,0.78,47.77,10.67,5.22,4.38,1.33,11,1.62,0.88,,,,,0,0,0,0,1730.0,1622.0,108.0
225465,2018-06-08,Japan,Switzerland,False,0,2,B,1.44,21,1.5,0.95,47.77,10.67,5.22,4.38,2.29,15,2.11,0.5,56.55,13.37,4.87,3.84,0,0,0,0,1730.0,1921.0,-191.0
225479,2018-06-12,Japan,Paraguay,True,4,2,A,1.24,22,1.29,1.09,46.0,9.71,5.16,4.02,1.08,19,0.94,1.36,42.78,8.93,3.33,4.47,0,0,0,0,1730.0,1723.0,7.0
135791,2018-06-19,Japan,Colombia,False,2,1,A,1.48,23,1.66,1.21,46.0,9.71,5.16,4.02,1.41,21,0.97,0.85,51.49,10.12,4.65,4.0,0,0,0,0,1730.0,1960.0,-230.0
135807,2018-06-24,Japan,Senegal,True,2,2,Draw,1.69,24,1.71,1.18,50.11,10.81,5.38,4.53,1.9,19,1.41,0.81,45.93,9.64,2.82,3.42,0,0,0,0,1730.0,1755.0,-25.0
135766,2018-07-02,Japan,Belgium,False,2,3,B,1.38,26,1.51,1.25,51.99,9.95,4.45,4.17,2.8,17,3.29,0.58,58.81,17.35,8.43,6.99,0,0,0,0,1730.0,2034.0,-304.0
225520,2018-10-12,Japan,Panama,True,3,0,A,1.44,28,1.77,1.29,50.25,10.16,4.37,4.52,0.61,25,0.56,2.11,43.19,8.82,3.23,2.68,0,0,0,0,1730.0,1566.0,164.0
225531,2018-10-16,Japan,Uruguay,True,4,3,A,1.64,29,1.93,1.12,50.25,10.16,4.37,4.52,1.99,28,1.78,0.97,44.57,11.78,4.9,4.14,0,0,0,0,1730.0,1921.0,-191.0
118130,2019-01-17,Japan,Uzbekistan,True,2,1,A,2.16,34,2.21,1.09,54.56,9.43,4.58,5.36,1.57,30,1.26,1.01,45.32,6.09,2.81,3.61,0,0,0,0,1744.0,1580.0,164.0
118086,2019-01-21,Japan,Saudi Arabia,True,1,0,A,2.27,35,2.18,1.08,56.09,9.59,4.7,4.98,1.42,39,1.22,1.08,59.69,10.23,4.14,4.75,2,1,0,1,1744.0,1554.0,190.0
118097,2019-02-01,Japan,Qatar,True,1,3,B,2.52,38,2.04,0.71,53.78,7.59,4.55,4.21,2.44,32,2.22,0.6,50.92,7.22,4.25,3.27,0,0,0,0,1744.0,1668.0,76.0
218267,2019-03-22,Japan,Colombia,True,0,1,B,2.19,39,1.9,1.01,54.95,7.48,3.88,5.86,2.0,29,1.7,0.89,51.27,9.93,4.16,4.17,1,1,0,0,1744.0,1985.0,-241.0
83270,2019-06-20,Japan,Uruguay,False,2,2,Draw,1.79,44,1.26,1.1,51.96,8.99,3.64,6.44,2.03,35,2.36,0.73,49.53,9.73,4.8,5.0,1,1,0,0,1744.0,1965.0,-221.0
83277,2019-06-24,Japan,Ecuador,False,1,1,Draw,1.68,45,1.36,1.22,49.58,9.71,3.49,5.62,0.81,30,1.07,1.72,46.8,7.15,2.8,4.36,0,0,0,0,1744.0,1725.0,19.0
218336,2019-09-05,Japan,Paraguay,True,2,0,A,1.59,46,1.31,1.19,49.88,11.06,4.25,5.06,0.91,29,0.95,1.25,45.74,9.57,3.22,3.07,1,1,0,0,1744.0,1738.0,6.0
255463,2019-12-18,Japan,Korea Republic,False,0,1,B,2.24,54,2.4,0.9,49.88,11.06,4.25,5.06,1.99,54,1.5,0.59,60.85,11.72,4.68,6.14,0,0,0,0,1744.0,1772.0,-28.0
634731,2020-10-13,Japan,Côte d'Ivoire,True,1,0,A,1.83,56,1.82,0.79,49.88,11.06,4.25,5.06,1.88,39,1.33,0.86,41.81,11.99,5.47,4.06,0,0,0,0,1744.0,1617.0,127.0
644693,2020-11-13,Japan,Panama,True,1,0,A,1.98,57,1.71,0.69,49.88,11.06,4.25,5.06,1.25,43,0.95,1.51,40.7,4.8,1.98,2.91,1,1,0,0,1744.0,1534.0,210.0
683978,2021-03-25,Japan,Korea Republic,True,3,0,A,1.84,59,1.41,0.78,49.88,11.06,4.25,5.06,2.0,57,1.57,0.86,60.85,11.72,4.68,6.14,1,0,0,1,1760.0,1788.0,-28.0
721216,2021-10-07,Japan,Saudi Arabia,False,0,1,B,2.28,67,3.05,0.54,67.72,16.19,5.88,5.55,2.47,62,2.18,0.48,64.76,9.35,4.48,4.19,3,2,0,1,1760.0,1628.0,132.0
721245,2022-02-01,Japan,Saudi Arabia,True,2,0,A,2.42,72,2.16,0.43,61.61,14.13,5.31,5.99,1.9,70,1.24,0.57,58.63,9.68,3.53,2.03,4,2,0,2,1851.0,1644.0,207.0
861484,2022-06-02,Japan,Paraguay,True,4,1,A,2.36,75,1.98,0.41,60.02,15.87,5.69,4.98,0.83,58,0.68,1.59,43.9,9.33,2.22,3.28,2,2,0,0,1851.0,1727.0,124.0
860591,2022-06-06,Japan,Brazil,True,0,1,B,2.44,76,2.24,0.49,60.02,15.87,5.69,4.98,2.49,74,2.69,0.37,58.52,15.3,6.62,3.81,0,0,0,0,1851.0,2133.0,-282.0
869217,2022-06-10,Japan,Ghana,True,4,1,A,2.12,77,1.95,0.56,60.02,15.87,5.69,4.98,1.31,48,1.16,0.93,48.27,9.8,2.81,5.66,1,0,0,1,1851.0,1593.0,258.0
869218,2022-06-14,Japan,Tunisia,True,0,3,B,2.24,78,2.22,0.61,60.02,15.87,5.69,4.98,1.9,72,1.31,0.36,51.11,9.44,2.74,5.25,0,0,0,0,1851.0,1745.0,106.0
858419,2022-07-27,Japan,Korea Republic,True,3,0,A,1.94,81,2.14,0.7,60.02,15.87,5.69,4.98,2.34,79,2.34,0.78,68.24,14.24,5.15,6.44,2,1,0,1,1851.0,1788.0,63.0
942157,2022-09-27,Japan,Ecuador,True,0,0,Draw,2.2,83,2.22,0.53,60.02,15.87,5.69,4.98,1.55,66,0.89,0.67,50.47,10.99,3.45,4.87,1,0,1,0,1851.0,1841.0,10.0
855741,2022-11-23,Japan,Germany,False,2,1,A,1.78,85,1.81,0.66,53.4,11.55,4.19,3.61,1.83,66,2.28,1.08,67.91,15.2,6.24,5.42,0,0,0,0,1851.0,1955.0,-104.0
855768,2022-12-01,Japan,Spain,True,2,1,A,1.68,87,1.59,0.74,48.87,11.96,3.89,4.39,2.14,71,2.35,0.7,72.33,12.08,4.99,5.38,0,0,0,0,1851.0,1996.0,-145.0
977344,2022-12-05,Japan,Croatia,True,1,1,Draw,1.86,88,1.65,0.78,42.56,10.74,3.7,3.49,2.1,75,1.56,0.65,54.52,10.97,4.92,4.24,0,0,0,0,1851.0,1950.0,-99.0
1012327,2023-03-24,Japan,Uruguay,True,1,1,Draw,1.74,89,1.56,0.81,42.45,11.17,3.76,4.35,1.75,75,1.33,0.62,47.38,11.45,3.98,3.66,2,1,1,0,1905.0,2006.0,-101.0
1012342,2023-03-28,Japan,Colombia,True,1,2,B,1.65,90,1.49,0.83,44.7,10.24,3.62,4.29,1.88,75,1.5,0.77,55.52,11.55,3.44,4.65,2,1,0,1,1905.0,1984.0,-79.0
1029480,2023-09-09,Japan,Germany,False,4,1,A,1.81,93,2.28,0.87,47.78,11.42,4.77,4.26,1.17,74,1.73,1.56,65.3,16.54,5.65,6.34,1,1,0,0,1905.0,1885.0,20.0
1043743,2023-09-12,Japan,Türkiye,True,4,2,A,1.97,94,2.5,0.89,45.5,11.82,5.73,4.07,1.99,72,1.95,1.22,61.79,17.22,6.78,5.61,0,0,0,0,1905.0,1765.0,140.0
1114143,2023-10-17,Japan,Tunisia,True,2,0,A,2.22,96,2.87,1.03,44.77,12.77,6.1,4.05,1.74,85,1.35,1.06,44.49,9.57,2.65,4.73,1,0,0,1,1905.0,1738.0,167.0
1155251,2024-01-09,Japan,Jordan,True,6,1,A,2.55,100,3.52,0.59,54.79,16.34,7.24,6.28,1.22,83,1.38,1.74,45.18,13.42,3.86,3.74,0,0,0,0,1889.0,1617.0,272.0
1218504,2024-10-10,Japan,Saudi Arabia,False,2,0,A,2.64,112,3.98,0.48,66.67,15.78,7.29,5.61,1.76,110,1.4,0.82,62.8,14.83,4.91,5.86,5,3,0,2,1889.0,1536.0,353.0
1218549,2025-03-25,Japan,Saudi Arabia,True,0,0,Draw,2.65,117,3.21,0.44,63.92,13.22,5.78,6.29,1.67,120,1.49,1.18,68.0,15.35,4.58,6.29,6,4,0,2,1878.0,1592.0,286.0
1390624,2025-07-15,Japan,Korea Republic,False,1,0,A,2.42,122,3.13,0.42,66.94,14.13,5.54,7.0,2.39,120,2.26,0.51,72.25,14.57,5.4,7.57,3,2,0,1,1878.0,1784.0,94.0
1396843,2025-10-10,Japan,Paraguay,True,2,2,Draw,2.0,125,2.16,0.53,58.88,11.13,4.34,5.29,1.66,91,0.97,0.74,37.68,10.47,3.81,4.64,3,3,0,0,1878.0,1833.0,45.0
1449844,2025-10-14,Japan,Brazil,True,3,2,A,1.87,126,2.14,0.73,57.7,11.11,4.63,5.41,1.81,112,1.79,0.74,59.7,12.58,4.58,4.72,1,0,0,1,1878.0,1978.0,-100.0
1485003,2025-11-14,Japan,Ghana,True,2,0,A,2.02,127,2.25,0.89,53.62,11.75,4.85,5.18,1.91,92,1.96,0.7,45.19,7.61,2.54,3.17,2,1,0,1,1878.0,1509.0,369.0
1511777,2026-03-28,Japan,Scotland,False,1,0,A,2.26,129,2.32,0.67,53.17,11.47,5.05,4.38,1.82,96,1.95,1.42,48.63,11.31,4.46,4.73,0,0,0,0,1888.0,1745.0,143.0
1502473,2026-03-31,Japan,England,False,1,0,A,2.35,130,2.15,0.59,53.45,12.46,5.34,4.92,2.41,115,2.4,0.42,67.42,16.44,6.41,6.81,0,0,0,0,1888.0,2076.0,-188.0
1489376,2026-06-14,Japan,Netherlands,False,2,2,Draw,2.51,132,1.87,0.44,50.7,12.14,5.16,4.44,1.97,107,2.2,0.88,57.27,14.45,5.2,5.27,0,0,0,0,1888.0,1971.0,-83.0
225530,2018-10-15,Jordan,Croatia,False,1,2,B,1.63,19,1.5,0.58,,,,,1.39,26,1.2,1.66,50.37,10.93,3.52,4.45,0,0,0,0,1447.0,1923.0,-476.0
225571,2018-11-20,Jordan,Saudi Arabia,True,1,1,Draw,1.62,21,1.51,0.8,,,,,1.26,34,1.06,1.5,51.61,8.41,2.46,3.28,0,0,0,0,1447.0,1583.0,-136.0
240838,2019-09-10,Jordan,Paraguay,True,2,4,B,1.7,33,1.55,1.27,49.69,9.87,4.05,3.76,0.79,30,0.82,1.35,45.74,9.57,3.22,3.07,0,0,0,0,1477.0,1738.0,-261.0
656830,2021-02-15,Jordan,Uzbekistan,False,0,2,B,1.63,43,1.32,0.66,49.69,9.87,4.05,3.76,1.32,50,1.39,1.21,41.71,5.93,1.73,5.15,0,0,0,0,1529.0,1524.0,5.0
781087,2021-09-04,Jordan,Haiti,False,0,2,B,1.58,53,1.28,0.81,38.87,7.21,0.3,1.21,1.36,38,1.91,2.01,45.79,12.57,5.19,1.7,0,0,0,0,1529.0,1526.0,3.0
804761,2021-10-12,Jordan,Uzbekistan,True,3,0,A,1.77,56,1.59,0.84,38.87,7.21,0.3,1.21,1.62,58,1.89,1.17,46.22,11.96,2.81,6.73,1,0,0,1,1529.0,1524.0,5.0
748076,2021-12-01,Jordan,Saudi Arabia,False,1,0,A,1.8,59,1.57,0.68,38.87,7.21,0.3,1.21,2.47,66,1.76,0.47,59.5,9.91,3.37,2.69,1,0,1,0,1529.0,1628.0,-99.0
748081,2021-12-04,Jordan,Morocco,True,0,4,B,1.96,60,1.49,0.59,38.87,7.21,0.3,1.21,2.83,68,2.8,0.21,61.25,14.3,4.49,3.98,0,0,0,0,1529.0,1764.0,-235.0
815270,2021-12-11,Jordan,Egypt,False,1,3,B,1.87,62,1.78,1.03,38.87,7.21,0.3,1.21,2.29,49,1.96,0.53,53.11,13.24,4.26,4.78,0,0,0,0,1529.0,1658.0,-129.0
821432,2022-01-28,Jordan,New Zealand,True,3,1,A,1.63,63,1.68,1.29,38.87,7.21,0.3,1.21,2.08,22,1.98,0.7,39.07,3.93,0.0,4.67,0,0,0,0,1590.0,1527.0,63.0
962101,2022-11-17,Jordan,Spain,True,1,3,B,2.36,71,1.76,0.6,38.87,7.21,0.3,1.21,2.09,68,1.71,0.72,72.21,11.63,4.7,5.85,0,0,0,0,1590.0,1996.0,-406.0
1012348,2023-09-07,Jordan,Norway,False,0,6,B,2.03,75,1.97,1.07,36.74,12.14,5.0,2.76,1.47,63,1.53,1.3,54.48,12.89,4.95,5.33,0,0,0,0,1503.0,1755.0,-252.0
1100337,2023-11-21,Jordan,Saudi Arabia,True,0,2,B,1.26,80,1.52,1.8,36.0,10.39,3.74,1.87,0.89,96,1.33,1.51,61.32,10.5,4.14,4.53,2,1,1,0,1503.0,1586.0,-83.0
1155238,2024-01-05,Jordan,Qatar,False,2,1,A,0.95,82,1.28,1.85,45.18,13.42,3.86,3.74,1.63,105,2.01,1.2,48.62,11.55,4.79,5.31,0,0,0,0,1617.0,1524.0,93.0
1034512,2024-01-20,Jordan,Korea Republic,True,2,2,Draw,1.31,85,1.68,2.0,46.43,13.68,5.7,3.48,2.3,99,2.42,0.6,61.57,11.44,4.6,5.16,0,0,0,0,1617.0,1774.0,-157.0
1170222,2024-02-06,Jordan,Korea Republic,True,2,0,A,1.57,89,1.6,1.64,46.8,12.51,4.64,5.03,2.01,103,2.22,1.05,65.85,14.9,6.26,8.07,1,0,1,0,1617.0,1774.0,-157.0
1172165,2024-02-10,Jordan,Qatar,True,1,3,B,1.75,90,1.65,1.43,43.42,13.42,5.11,5.02,2.09,112,1.87,1.04,52.68,11.67,4.43,4.03,1,1,0,0,1617.0,1524.0,93.0
1100370,2024-06-11,Jordan,Saudi Arabia,False,2,1,A,2.03,94,2.51,1.07,50.21,15.51,5.76,6.16,1.91,107,1.42,0.58,62.02,14.68,5.38,5.82,3,1,1,1,1617.0,1536.0,81.0
1218501,2024-10-10,Jordan,Korea Republic,True,0,2,B,2.12,99,2.1,0.95,45.61,15.24,4.85,6.14,2.1,110,2.21,0.71,69.39,14.56,5.85,7.63,2,1,1,0,1617.0,1774.0,-157.0
1332407,2025-01-27,Jordan,Uzbekistan,False,0,0,Draw,1.75,103,1.73,0.85,43.08,13.45,4.67,6.57,2.13,98,1.53,0.75,50.54,16.52,4.62,4.45,2,1,0,1,1689.0,1735.0,-46.0
1218546,2025-03-25,Jordan,Korea Republic,False,1,1,Draw,1.76,106,1.64,0.8,44.29,12.74,4.73,5.84,2.07,115,2.05,0.86,70.73,13.27,4.94,5.56,3,1,1,1,1689.0,1784.0,-95.0
1375497,2025-05-30,Jordan,Saudi Arabia,False,0,2,B,1.66,107,1.56,0.83,40.62,12.41,4.4,5.3,1.58,121,1.29,1.02,57.91,12.2,3.58,4.91,4,2,1,1,1689.0,1592.0,97.0
1485009,2025-11-14,Jordan,Tunisia,False,2,3,B,1.2,114,1.34,1.13,39.73,11.73,3.95,4.21,1.82,114,1.7,0.72,42.39,5.8,1.19,4.54,0,0,0,0,1689.0,1615.0,74.0
1482946,2025-12-09,Jordan,Egypt,False,3,0,A,1.52,118,1.55,1.15,29.3,11.73,4.49,3.89,1.69,106,1.26,0.72,52.01,14.2,4.47,3.96,1,0,0,1,1689.0,1623.0,66.0
1491661,2025-12-15,Jordan,Saudi Arabia,False,1,0,A,1.88,120,1.64,0.87,29.3,11.73,4.49,3.89,1.82,138,1.3,1.0,56.36,9.25,3.88,2.87,5,2,1,2,1689.0,1592.0,97.0
1492084,2025-12-18,Jordan,Morocco,True,2,3,B,2.02,121,1.56,0.76,29.3,11.73,4.49,3.89,2.72,137,1.95,0.23,65.07,19.28,7.27,9.39,1,0,0,1,1689.0,1840.0,-151.0
1528283,2026-05-31,Jordan,Switzerland,False,1,4,B,1.57,124,1.71,1.28,29.3,11.73,4.49,3.89,1.61,111,1.97,1.08,56.69,10.62,4.27,3.95,0,0,0,0,1628.0,1943.0,-315.0
1528288,2026-06-07,Jordan,Colombia,False,0,2,B,1.37,125,1.62,1.63,29.64,11.88,4.26,3.94,1.73,115,2.05,1.18,57.05,11.65,4.87,4.04,0,0,0,0,1628.0,2009.0,-381.0
1489382,2026-06-17,Jordan,Austria,False,1,3,B,1.19,126,1.41,1.68,30.83,8.81,2.74,2.9,2.32,102,2.27,0.56,61.51,12.05,5.23,4.0,0,0,0,0,1628.0,1821.0,-193.0
256928,2016-10-06,Korea Republic,Qatar,True,3,2,A,2.65,10,2.62,0.3,68.26,8.33,2.93,6.88,1.64,10,2.04,0.87,48.82,6.44,2.09,3.75,0,0,0,0,1790.0,1558.0,232.0
256940,2016-11-15,Korea Republic,Uzbekistan,True,2,1,A,2.28,12,2.25,0.65,58.58,6.8,2.85,4.06,2.48,12,1.66,0.45,51.19,8.37,3.55,6.36,0,0,0,0,1790.0,1669.0,121.0
256962,2017-06-13,Korea Republic,Qatar,False,2,3,B,2.17,15,1.75,0.64,60.31,7.88,3.74,4.92,1.11,15,1.14,0.9,49.37,6.98,3.27,3.33,1,1,0,0,1760.0,1455.0,305.0
256973,2017-09-05,Korea Republic,Uzbekistan,False,0,0,Draw,1.73,17,1.53,0.84,60.48,9.19,3.42,4.22,1.43,17,0.93,0.85,48.95,7.08,2.59,5.29,1,1,0,0,1760.0,1611.0,149.0
225429,2018-06-01,Korea Republic,Bosnia and Herzegovina,True,1,3,B,1.62,24,1.46,1.01,55.14,10.4,4.55,4.78,1.42,15,1.15,0.7,58.88,12.31,5.97,6.06,0,0,0,0,1778.0,1795.0,-17.0
225477,2018-06-11,Korea Republic,Senegal,False,0,2,B,1.35,26,1.21,1.11,55.14,10.4,4.55,4.78,1.5,17,1.2,0.9,50.82,10.79,3.4,3.72,0,0,0,0,1778.0,1755.0,23.0
135788,2018-06-18,Korea Republic,Sweden,False,0,1,B,1.17,27,1.05,1.22,55.14,10.4,4.55,4.78,1.24,16,1.22,0.66,44.54,7.62,3.25,3.59,0,0,0,0,1778.0,1850.0,-72.0
135817,2018-06-27,Korea Republic,Germany,True,2,0,A,0.88,29,0.92,1.3,48.68,10.93,3.84,5.46,1.94,16,2.29,0.92,67.33,16.67,7.31,7.11,0,0,0,0,1778.0,1937.0,-159.0
225521,2018-10-12,Korea Republic,Uruguay,True,2,1,A,1.35,32,1.03,0.85,43.14,11.19,4.13,4.86,2.29,27,1.9,0.81,44.57,11.78,4.9,4.14,0,0,0,0,1778.0,1921.0,-143.0
225532,2018-10-16,Korea Republic,Panama,True,2,2,Draw,1.57,33,1.16,0.87,43.14,11.19,4.13,4.86,0.53,26,0.48,2.23,43.19,8.82,3.23,2.68,0,0,0,0,1778.0,1566.0,212.0
225564,2018-11-20,Korea Republic,Uzbekistan,False,4,0,A,1.43,35,1.23,1.02,43.14,11.19,4.13,4.86,1.27,27,0.77,0.76,48.78,7.76,2.66,4.89,2,1,1,0,1778.0,1591.0,187.0
225582,2018-12-31,Korea Republic,Saudi Arabia,True,0,0,Draw,1.63,36,1.6,0.88,43.14,11.19,4.13,4.86,1.23,35,1.05,1.44,51.61,8.41,2.46,3.28,0,0,0,0,1778.0,1583.0,195.0
118093,2019-01-25,Korea Republic,Qatar,True,0,1,B,2.17,41,1.47,0.57,61.63,13.02,5.41,6.46,2.26,30,2.1,0.79,51.53,7.74,4.07,4.8,2,1,0,1,1772.0,1668.0,104.0
218277,2019-03-26,Korea Republic,Colombia,True,2,1,A,2.03,43,1.24,0.54,60.85,11.72,4.68,6.14,2.13,30,1.61,0.78,51.27,9.93,4.16,4.17,0,0,0,0,1772.0,1985.0,-213.0
247685,2019-11-19,Korea Republic,Brazil,False,0,3,B,1.92,51,1.73,0.44,60.85,11.72,4.68,6.14,1.53,48,1.53,0.7,60.89,13.88,5.34,6.62,0,0,0,0,1772.0,2081.0,-309.0
644697,2020-11-17,Korea Republic,Qatar,True,2,1,A,1.85,56,1.51,0.83,60.85,11.72,4.68,6.14,1.57,49,1.87,1.35,46.74,6.48,3.14,2.47,3,1,0,2,1773.0,1638.0,135.0
861485,2022-06-02,Korea Republic,Brazil,True,1,5,B,2.31,73,1.91,0.44,68.24,14.24,5.15,7.53,2.42,73,2.34,0.28,58.52,15.3,6.62,3.81,1,0,0,1,1788.0,2133.0,-345.0
861489,2022-06-10,Korea Republic,Paraguay,True,2,2,Draw,2.14,75,1.82,0.9,68.24,14.24,5.15,7.53,0.72,59,0.72,1.91,43.9,9.33,2.22,3.28,0,0,0,0,1788.0,1727.0,61.0
863632,2022-06-14,Korea Republic,Egypt,True,4,1,A,1.99,76,1.85,1.04,68.24,14.24,5.15,7.53,1.61,63,0.73,0.57,48.23,9.96,2.89,4.8,0,0,0,0,1788.0,1660.0,128.0
855744,2022-11-24,Korea Republic,Uruguay,False,0,0,Draw,2.17,83,1.78,0.9,68.24,8.25,2.98,6.44,1.92,72,1.62,0.6,46.88,11.73,4.01,4.31,1,1,0,0,1788.0,1904.0,-116.0
855757,2022-11-28,Korea Republic,Ghana,True,2,3,B,2.01,84,1.55,0.79,57.21,7.84,2.01,5.11,1.2,54,1.23,1.46,44.15,9.87,3.68,3.94,0,0,0,0,1788.0,1593.0,195.0
855769,2022-12-02,Korea Republic,Portugal,True,2,1,A,1.75,85,1.61,1.07,59.2,11.7,3.37,7.23,2.22,70,2.28,0.62,55.55,13.66,5.12,5.68,0,0,0,0,1788.0,1998.0,-210.0
977705,2022-12-05,Korea Republic,Brazil,False,1,4,B,1.91,86,1.66,1.06,53.48,12.01,4.0,6.65,2.39,80,2.19,0.38,59.69,17.02,6.98,5.98,2,0,0,2,1788.0,2133.0,-345.0
1012328,2023-03-24,Korea Republic,Colombia,True,2,2,Draw,1.67,87,1.57,1.45,51.89,11.15,4.43,6.04,2.01,74,1.43,0.58,57.32,12.22,3.71,4.96,1,1,0,0,1799.0,1984.0,-185.0
1012337,2023-03-28,Korea Republic,Uruguay,True,1,2,B,1.58,88,1.63,1.52,52.36,10.72,4.34,5.61,1.66,76,1.29,0.67,47.0,11.22,3.67,3.57,2,1,1,0,1799.0,2006.0,-207.0
1119708,2023-09-12,Korea Republic,Saudi Arabia,False,1,0,A,1.15,92,1.13,1.25,57.55,10.58,3.67,6.11,0.69,92,0.87,1.55,59.5,11.78,3.71,4.82,1,0,1,0,1799.0,1586.0,213.0
1119709,2023-10-13,Korea Republic,Tunisia,True,4,0,A,1.39,93,1.11,1.09,57.55,10.58,3.67,6.11,2.0,84,1.55,0.62,44.49,9.57,2.65,4.73,0,0,0,0,1799.0,1738.0,61.0
1167790,2024-01-30,Korea Republic,Saudi Arabia,False,1,1,Draw,1.98,101,2.44,1.07,65.77,14.19,5.34,7.48,1.79,103,1.27,0.67,64.27,14.74,5.0,6.33,2,1,1,0,1774.0,1536.0,238.0
1449843,2025-10-10,Korea Republic,Brazil,True,0,5,B,2.04,123,1.97,0.69,63.32,12.06,4.75,5.65,1.63,111,1.31,0.85,59.8,12.36,4.22,4.98,3,0,0,3,1784.0,1978.0,-194.0
1449845,2025-10-14,Korea Republic,Paraguay,True,2,0,A,1.77,124,1.72,1.25,59.46,10.67,4.1,5.54,1.57,92,1.1,0.9,39.06,10.0,3.56,4.16,1,0,1,0,1784.0,1833.0,-49.0
1485019,2025-11-18,Korea Republic,Ghana,True,1,0,A,2.07,126,1.79,0.95,59.04,10.51,4.09,5.3,1.66,93,1.7,0.87,48.34,7.11,2.09,1.4,1,0,0,1,1784.0,1509.0,275.0
1527860,2026-03-28,Korea Republic,Côte d'Ivoire,True,0,4,B,2.19,127,1.68,0.82,58.57,9.97,4.08,5.25,1.92,111,1.9,0.85,54.43,16.26,3.44,6.06,0,0,0,0,1723.0,1727.0,-4.0
1511732,2026-03-31,Korea Republic,Austria,False,0,1,B,1.91,128,1.46,1.24,57.42,10.27,3.76,5.52,2.11,100,2.68,0.75,62.91,13.63,6.07,4.34,0,0,0,0,1723.0,1821.0,-98.0
1538999,2026-06-12,Korea Republic,Czechia,True,2,1,A,1.99,131,1.66,0.91,59.84,11.83,4.79,5.83,2.01,102,2.03,1.02,52.22,14.39,4.72,6.59,0,0,0,0,1723.0,1680.0,43.0
256926,2016-09-06,Qatar,Uzbekistan,True,0,1,B,1.98,9,2.47,0.84,43.79,4.86,1.53,4.21,2.82,9,2.1,0.54,57.0,6.0,4.0,14.0,0,0,0,0,1558.0,1669.0,-111.0
256955,2017-03-28,Qatar,Uzbekistan,False,0,1,B,1.3,14,1.34,0.89,49.69,7.46,3.82,3.41,1.78,14,1.32,0.74,47.92,6.98,2.68,4.55,1,0,0,1,1455.0,1611.0,-156.0
225522,2018-10-12,Qatar,Ecuador,True,4,3,A,1.7,22,1.72,1.18,49.89,9.77,4.21,4.67,1.2,20,1.37,1.41,51.68,10.16,3.91,6.07,0,0,0,0,1522.0,1772.0,-250.0
225535,2018-10-16,Qatar,Uzbekistan,False,0,2,B,1.87,23,2.03,1.42,49.89,9.77,4.21,4.67,1.05,25,0.71,1.01,48.78,7.76,2.66,4.89,2,0,0,2,1522.0,1591.0,-69.0
225546,2018-11-14,Qatar,Switzerland,False,1,0,A,1.62,24,1.76,1.5,49.89,9.77,4.21,4.67,1.69,24,1.86,0.92,57.18,12.44,4.43,4.85,0,0,0,0,1522.0,1921.0,-399.0
118132,2019-01-17,Qatar,Saudi Arabia,False,2,0,A,2.02,28,2.31,1.05,56.91,8.02,4.13,3.69,1.64,38,1.41,0.94,57.69,10.57,4.72,4.13,0,0,0,0,1668.0,1554.0,114.0
218298,2019-06-06,Qatar,Brazil,False,0,2,B,2.52,33,2.33,0.65,48.75,6.78,4.01,3.02,2.54,35,1.9,0.39,59.45,13.78,6.54,6.81,0,0,0,0,1668.0,2081.0,-413.0
83263,2019-06-16,Qatar,Paraguay,False,2,2,Draw,2.19,34,2.02,0.83,48.75,6.78,4.01,3.02,1.05,25,1.19,1.52,43.27,8.06,3.25,3.93,0,0,0,0,1668.0,1738.0,-70.0
83268,2019-06-19,Qatar,Colombia,False,0,1,B,2.03,35,2.02,0.98,50.47,7.04,4.0,3.22,2.24,34,1.9,0.61,51.91,10.33,4.59,3.61,0,0,0,0,1668.0,1985.0,-317.0
83275,2019-06-23,Qatar,Argentina,True,0,2,B,1.77,36,1.75,0.98,46.91,7.03,3.62,2.79,1.61,36,1.64,1.1,53.2,9.21,3.8,4.98,0,0,0,0,1668.0,1970.0,-302.0
291874,2019-12-05,Qatar,Saudi Arabia,False,0,1,B,2.19,46,2.47,0.84,46.74,6.48,3.14,2.47,1.74,51,1.62,1.09,61.73,9.99,3.52,5.0,1,1,0,0,1668.0,1554.0,114.0
640109,2020-10-12,Qatar,Ghana,False,1,5,B,1.9,47,2.15,0.86,46.74,6.48,3.14,2.47,1.51,26,0.99,0.85,53.19,14.75,4.48,6.63,0,0,0,0,1638.0,1603.0,35.0
704140,2021-07-13,Qatar,Panama,True,3,3,Draw,2.21,57,1.58,0.7,61.27,20.16,4.83,5.27,1.61,53,1.93,1.22,40.7,4.8,1.98,2.91,0,0,0,0,1663.0,1627.0,36.0
656115,2021-09-04,Qatar,Portugal,True,1,3,B,1.8,63,1.65,1.33,47.84,14.08,4.37,4.24,1.79,53,2.0,1.08,56.96,17.31,6.09,6.66,0,0,0,0,1663.0,1972.0,-309.0
656114,2021-10-09,Qatar,Portugal,False,0,3,B,1.49,65,1.49,1.47,47.84,14.08,4.37,4.24,2.09,55,2.24,0.93,58.49,17.87,6.23,6.25,1,0,0,1,1663.0,1972.0,-309.0
815969,2021-12-15,Qatar,Algeria,True,1,2,B,1.85,73,1.91,1.36,46.03,11.35,3.61,3.12,2.14,56,2.86,0.82,48.4,10.08,3.45,3.13,0,0,0,0,1663.0,1799.0,-136.0
817314,2021-12-18,Qatar,Egypt,False,0,0,Draw,1.61,74,1.79,1.45,46.03,11.35,3.61,3.12,2.07,51,1.82,0.65,53.11,13.24,4.26,4.78,0,0,0,0,1663.0,1658.0,5.0
942682,2022-08-20,Qatar,Morocco,True,2,2,Draw,1.63,77,1.41,1.07,44.36,9.64,4.32,4.71,2.17,81,1.95,0.95,59.86,15.95,6.23,5.25,0,0,0,0,1577.0,1866.0,-289.0
942683,2022-08-23,Qatar,Ghana,True,2,1,A,1.54,78,1.48,1.19,44.36,9.64,4.32,4.71,1.14,49,1.14,1.33,48.27,9.8,2.81,5.66,1,0,0,1,1577.0,1593.0,-16.0
966908,2022-11-05,Qatar,Panama,True,2,1,A,1.77,84,1.4,1.02,44.36,9.64,4.32,4.71,1.7,76,1.47,1.26,55.5,11.28,2.98,5.25,1,0,1,0,1577.0,1646.0,-69.0
855736,2022-11-20,Qatar,Ecuador,True,0,2,B,2.07,86,1.42,0.89,44.36,9.64,4.32,4.71,1.42,68,0.67,0.51,54.91,11.35,3.65,6.6,1,1,0,0,1577.0,1841.0,-264.0
855747,2022-11-25,Qatar,Senegal,True,1,3,B,1.8,87,1.23,1.03,46.18,6.52,1.41,2.15,1.55,77,1.33,1.03,53.51,15.06,4.95,5.93,0,0,0,0,1577.0,1745.0,-168.0
855760,2022-11-29,Qatar,Netherlands,False,0,2,B,1.56,88,1.2,1.29,45.66,8.04,2.11,3.85,2.35,64,2.16,0.81,57.37,12.71,4.49,4.76,0,0,0,0,1577.0,2073.0,-496.0
1023103,2023-06-25,Qatar,Haiti,False,1,2,B,1.39,94,1.23,1.31,45.27,8.62,3.45,3.14,2.17,46,2.95,1.22,45.79,12.57,5.19,3.87,0,0,0,0,1534.0,1496.0,38.0
1051773,2023-07-08,Qatar,Panama,False,0,4,B,1.42,97,1.15,1.17,39.2,6.34,2.53,1.58,1.55,89,1.37,1.36,57.2,11.44,4.08,4.63,2,1,1,0,1534.0,1765.0,-231.0
1169461,2024-02-03,Qatar,Uzbekistan,True,1,1,Draw,2.09,110,1.81,0.88,54.88,11.44,4.09,4.73,2.15,87,1.88,0.81,49.44,13.75,4.1,3.16,3,0,0,3,1524.0,1684.0,-160.0
1218518,2024-11-14,Qatar,Uzbekistan,True,3,2,A,1.77,121,1.82,1.56,59.83,15.2,4.75,6.31,2.3,96,1.55,0.54,52.34,16.09,4.54,4.91,4,0,1,3,1524.0,1684.0,-160.0
1218563,2025-06-10,Qatar,Uzbekistan,False,0,3,B,1.56,129,1.71,1.63,56.59,11.48,4.68,4.73,1.84,102,1.2,0.65,49.71,15.1,4.31,5.25,5,1,1,3,1425.0,1735.0,-310.0
1482944,2025-12-07,Qatar,Tunisia,True,0,3,B,0.96,138,1.06,1.54,55.09,8.83,3.5,3.97,1.53,118,1.59,1.05,32.34,6.58,1.72,2.26,0,0,0,0,1425.0,1615.0,-190.0
1489373,2026-06-13,Qatar,Switzerland,True,1,1,Draw,0.76,141,0.7,1.42,54.62,8.51,2.53,3.59,1.69,113,2.07,1.06,59.02,11.35,4.75,4.58,1,1,0,0,1411.0,1943.0,-532.0
225393,2018-03-27,Saudi Arabia,Belgium,False,0,4,B,1.65,21,1.79,1.22,52.61,8.33,3.1,4.12,2.83,10,4.23,0.74,65.44,19.53,9.3,7.93,0,0,0,0,1583.0,2034.0,-451.0
225403,2018-05-09,Saudi Arabia,Algeria,True,2,0,A,1.42,22,1.55,1.6,50.84,6.63,2.61,4.55,0.91,13,1.45,1.5,,,,,0,0,0,0,1583.0,1541.0,42.0
225466,2018-06-08,Saudi Arabia,Germany,False,1,2,B,1.37,26,1.36,1.53,50.11,6.39,2.32,3.48,1.89,13,2.89,0.87,67.49,15.06,7.32,6.48,0,0,0,0,1583.0,1937.0,-354.0
135795,2018-06-20,Saudi Arabia,Uruguay,False,0,1,B,1.03,28,1.14,2.04,51.05,6.92,1.98,2.95,2.25,22,1.7,0.7,47.9,12.63,5.1,4.4,0,0,0,0,1583.0,1921.0,-338.0
135810,2018-06-25,Saudi Arabia,Egypt,True,2,1,A,0.89,29,0.99,1.91,51.4,7.12,1.99,3.14,0.67,18,0.66,1.45,44.37,8.33,2.35,1.8,0,0,0,0,1583.0,1613.0,-30.0
225523,2018-10-12,Saudi Arabia,Brazil,True,0,2,B,1.15,31,1.24,1.81,53.59,9.87,3.03,3.81,2.46,29,2.33,0.33,59.47,17.2,8.15,6.78,0,0,0,0,1583.0,2136.0,-553.0
256172,2019-11-14,Saudi Arabia,Uzbekistan,False,3,2,A,1.41,46,1.37,1.03,61.73,9.99,3.52,5.0,1.93,42,1.89,0.85,41.71,5.93,1.73,5.15,0,0,0,0,1554.0,1580.0,-26.0
255959,2019-11-19,Saudi Arabia,Paraguay,True,0,0,Draw,1.62,47,1.58,1.15,61.73,9.99,3.52,5.0,1.22,34,1.06,1.15,45.74,9.57,3.22,3.07,0,0,0,0,1554.0,1738.0,-184.0
256252,2021-06-15,Saudi Arabia,Uzbekistan,True,3,0,A,2.2,59,2.16,0.56,72.98,2.63,5.35,6.47,1.87,55,1.71,0.79,41.71,5.93,1.73,5.15,1,1,0,0,1628.0,1524.0,104.0
748089,2021-12-07,Saudi Arabia,Morocco,False,0,1,B,2.0,68,1.46,0.6,59.5,9.91,3.37,2.69,2.85,69,2.96,0.18,61.25,14.3,4.49,3.98,0,0,0,0,1628.0,1764.0,-136.0
861486,2022-06-05,Saudi Arabia,Colombia,True,0,1,B,1.76,73,1.06,0.68,61.24,10.11,3.17,4.21,1.53,69,0.98,0.61,54.98,13.57,4.14,5.72,0,0,0,0,1644.0,1919.0,-275.0
861491,2022-09-23,Saudi Arabia,Ecuador,True,0,0,Draw,1.33,75,0.8,0.76,61.24,10.11,3.17,4.21,1.64,65,1.02,0.77,50.47,10.99,3.45,4.87,0,0,0,0,1644.0,1841.0,-197.0
942160,2022-11-10,Saudi Arabia,Panama,False,1,1,Draw,1.57,81,0.66,0.43,57.21,10.08,2.88,3.91,1.48,77,1.41,1.36,55.5,11.28,2.98,5.25,0,0,0,0,1644.0,1646.0,-2.0
863678,2022-11-16,Saudi Arabia,Croatia,True,0,1,B,1.5,82,0.71,0.5,57.21,10.08,2.88,3.91,2.23,71,1.78,0.93,55.02,12.25,5.07,4.83,0,0,0,0,1644.0,1950.0,-306.0
855737,2022-11-22,Saudi Arabia,Argentina,False,2,1,A,1.3,83,0.61,0.57,51.67,11.14,2.19,5.4,2.71,76,2.82,0.16,59.72,13.62,5.89,4.3,0,0,0,0,1644.0,2144.0,-500.0
1371358,2025-06-16,Saudi Arabia,Haiti,False,1,0,A,1.67,124,1.41,0.93,58.26,12.18,3.97,4.0,2.23,65,3.37,1.33,61.7,19.93,7.41,5.51,0,0,0,0,1592.0,1542.0,50.0
1396841,2025-09-08,Saudi Arabia,Czechia,False,1,1,Draw,1.55,129,1.13,1.01,53.7,9.23,3.6,3.28,2.05,93,1.88,1.22,52.42,16.2,6.81,6.37,0,0,0,0,1592.0,1731.0,-139.0
1486406,2025-11-14,Saudi Arabia,Côte d'Ivoire,True,1,0,A,1.59,132,1.18,0.99,56.36,11.06,4.64,2.87,2.07,104,1.89,0.31,55.79,11.4,2.07,3.7,0,0,0,0,1592.0,1627.0,-35.0
1486559,2025-11-18,Saudi Arabia,Algeria,True,0,2,B,1.77,133,1.16,0.86,56.36,11.06,4.64,2.87,2.18,117,2.02,0.72,59.03,16.29,6.47,5.81,1,1,0,0,1592.0,1757.0,-165.0
1482945,2025-12-08,Saudi Arabia,Morocco,False,0,1,B,1.89,136,1.38,1.01,56.36,9.25,3.88,2.87,2.58,134,2.04,0.35,65.07,19.28,7.27,9.39,1,0,0,1,1592.0,1840.0,-248.0
1514461,2026-03-27,Saudi Arabia,Egypt,True,0,4,B,1.51,140,0.99,0.87,56.36,9.25,3.88,2.87,1.75,115,1.19,0.83,44.06,8.65,3.5,3.14,1,1,0,0,1596.0,1747.0,-151.0
1540948,2026-05-31,Saudi Arabia,Ecuador,False,1,2,B,1.14,142,0.88,1.37,53.17,7.13,2.27,2.38,1.52,109,0.92,0.49,56.5,11.47,3.7,4.47,1,0,1,0,1596.0,1871.0,-275.0
1544368,2026-06-09,Saudi Arabia,Senegal,True,0,0,Draw,1.26,144,1.17,1.27,54.35,8.25,2.21,2.28,2.02,142,2.07,1.03,58.77,12.75,5.98,6.64,0,0,0,0,1596.0,1816.0,-220.0
1489379,2026-06-15,Saudi Arabia,Uruguay,True,1,1,Draw,1.22,145,1.02,1.1,54.35,8.25,2.21,2.28,1.38,114,0.88,0.93,53.95,9.84,2.41,4.52,1,0,0,1,1596.0,1841.0,-245.0
225341,2018-03-23,Uzbekistan,Senegal,False,1,1,Draw,1.37,18,0.8,0.73,48.78,7.76,2.66,4.89,2.22,13,1.82,0.98,,,,,0,0,0,0,1591.0,1755.0,-164.0
225395,2018-03-27,Uzbekistan,Morocco,False,0,2,B,1.32,19,0.83,0.77,48.78,7.76,2.66,4.89,2.51,18,2.34,0.41,,,,,0,0,0,0,1591.0,1728.0,-137.0
225462,2018-06-07,Uzbekistan,Uruguay,False,0,3,B,0.98,21,0.61,0.95,48.78,7.76,2.66,4.89,2.0,20,1.62,0.95,45.09,12.03,5.12,4.25,0,0,0,0,1591.0,1921.0,-330.0
667822,2019-03-22,Uzbekistan,Uruguay,False,0,3,B,1.32,32,1.06,0.99,43.84,5.44,2.06,4.31,1.3,31,1.46,1.28,45.88,9.6,4.59,3.73,1,0,0,1,1580.0,1965.0,-385.0
218292,2019-06-02,Uzbekistan,Türkiye,False,0,2,B,1.39,34,0.93,1.09,43.84,5.44,2.06,4.31,1.77,24,1.53,0.88,54.68,9.62,4.7,4.56,0,0,0,0,1580.0,1778.0,-198.0
685893,2021-03-26,Uzbekistan,Ghana,True,2,1,A,1.54,51,1.47,1.05,41.71,5.93,1.73,5.15,1.55,30,1.33,0.82,53.19,14.75,4.48,6.63,0,0,0,0,1524.0,1600.0,-76.0
781082,2021-09-05,Uzbekistan,Sweden,False,1,2,B,1.63,56,1.49,1.07,46.22,11.96,2.81,6.73,2.08,57,1.59,1.02,40.36,10.25,3.88,5.62,0,0,0,0,1524.0,1821.0,-297.0
1466848,2025-10-13,Uzbekistan,Uruguay,True,1,2,B,2.35,108,1.73,0.44,49.44,15.73,4.69,5.03,1.65,109,1.04,0.5,55.62,10.63,3.04,4.86,2,0,0,2,1735.0,1890.0,-155.0
1485008,2025-11-14,Uzbekistan,Egypt,True,2,0,A,2.04,109,1.63,0.65,48.0,13.36,4.09,4.37,2.35,102,1.6,0.36,52.01,14.2,4.47,3.96,0,0,0,0,1735.0,1623.0,112.0
1544812,2026-06-08,Uzbekistan,Netherlands,False,1,2,B,1.74,116,1.52,0.92,48.0,10.27,3.32,3.86,1.82,106,2.23,0.86,56.11,14.37,5.38,5.61,0,0,0,0,1631.0,1971.0,-340.0
1489386,2026-06-18,Uzbekistan,Colombia,True,1,3,B,1.52,117,1.45,1.06,44.11,9.53,2.63,3.61,1.9,116,2.04,1.03,58.35,10.65,4.63,3.65,0,0,0,0,1631.0,2009.0,-378.0
225615,2018-06-01,Algeria,Cabo Verde,True,2,3,B,0.77,14,1.23,1.58,,,,,0.98,9,0.65,1.81,,,,,0,0,0,0,1541.0,1399.0,142.0
225460,2018-06-07,Algeria,Portugal,False,0,3,B,0.66,15,1.34,1.79,,,,,2.01,14,1.94,0.85,61.16,14.68,6.3,5.87,0,0,0,0,1541.0,1958.0,-417.0
218282,2019-03-26,Algeria,Tunisia,True,1,0,A,1.11,21,1.41,1.36,47.0,3.0,2.0,7.0,1.74,23,1.76,1.16,52.9,11.66,4.19,3.44,0,0,0,0,1742.0,1619.0,123.0
117912,2019-06-27,Algeria,Senegal,False,1,0,A,1.78,24,1.4,0.88,53.78,9.78,3.51,3.99,2.35,28,1.64,0.59,51.86,15.95,6.42,4.33,0,0,0,0,1742.0,1763.0,-21.0
205617,2019-07-11,Algeria,Côte d'Ivoire,False,2,2,Draw,2.21,27,1.76,0.57,49.53,11.21,4.23,4.46,2.1,29,1.69,0.64,41.73,10.62,4.32,3.18,0,0,0,0,1742.0,1615.0,127.0
210272,2019-07-19,Algeria,Senegal,False,1,0,A,2.17,29,1.82,0.79,51.04,12.39,4.08,3.41,2.45,33,1.41,0.36,55.77,12.75,4.23,5.01,1,1,0,0,1742.0,1763.0,-21.0
254650,2019-09-21,Algeria,Morocco,True,0,0,Draw,2.38,31,1.62,0.6,48.4,10.08,3.45,3.13,1.86,40,1.19,0.72,61.25,14.3,4.49,3.98,0,0,0,0,1742.0,1659.0,83.0
245857,2019-10-10,Algeria,Congo DR,True,1,1,Draw,2.2,32,1.4,0.52,48.4,10.08,3.45,3.13,1.33,26,1.71,1.42,54.17,15.73,4.79,7.93,0,0,0,0,1742.0,1502.0,240.0
244957,2019-10-15,Algeria,Colombia,True,3,0,A,2.04,33,1.35,0.58,48.4,10.08,3.45,3.13,1.82,40,1.16,0.46,53.29,12.05,4.72,4.9,0,0,0,0,1742.0,1985.0,-243.0
254651,2019-10-19,Algeria,Morocco,False,0,3,B,2.16,34,1.57,0.51,48.4,10.08,3.45,3.13,1.43,43,1.16,0.98,61.25,14.3,4.49,3.98,1,0,1,0,1742.0,1659.0,83.0
705141,2021-06-11,Algeria,Tunisia,False,2,0,A,2.25,44,2.44,0.93,48.4,10.08,3.45,3.13,2.33,48,1.78,0.72,53.22,12.46,3.37,4.86,1,1,0,0,1799.0,1638.0,161.0
748091,2021-12-07,Algeria,Egypt,True,1,1,Draw,2.5,54,3.28,0.59,48.4,10.08,3.45,3.13,2.48,48,2.1,0.46,53.11,13.24,4.26,4.78,0,0,0,0,1799.0,1658.0,141.0
815271,2021-12-11,Algeria,Morocco,False,2,2,Draw,2.31,55,2.98,0.65,48.4,10.08,3.45,3.13,2.87,70,2.7,0.16,61.25,14.3,4.49,3.98,2,0,1,1,1799.0,1764.0,35.0
817313,2021-12-18,Algeria,Tunisia,False,2,0,A,2.25,57,2.75,0.84,48.4,10.08,3.45,3.13,2.29,61,1.64,0.65,53.22,12.46,3.37,4.86,2,2,0,0,1799.0,1638.0,161.0
821410,2022-01-05,Algeria,Ghana,True,3,0,A,2.35,58,2.65,0.74,48.4,10.08,3.45,3.13,1.82,40,1.16,0.64,43.92,10.29,3.11,4.18,0,0,0,0,1705.0,1593.0,112.0
819029,2022-01-20,Algeria,Côte d'Ivoire,False,1,3,B,1.95,61,2.04,0.61,67.4,15.6,5.26,10.28,2.02,54,1.57,0.73,57.71,15.02,5.22,7.03,1,0,1,0,1705.0,1668.0,37.0
969023,2022-11-19,Algeria,Sweden,False,0,2,B,2.14,70,1.63,0.74,57.57,14.31,5.76,9.47,1.27,72,1.25,1.49,49.5,11.53,3.82,5.89,0,0,0,0,1705.0,1757.0,-52.0
993892,2023-01-27,Algeria,Côte d'Ivoire,True,1,0,A,2.25,74,1.28,0.6,58.15,12.16,4.24,6.45,1.7,67,1.57,0.88,49.6,10.37,4.67,4.92,2,0,1,1,1723.0,1642.0,81.0
997966,2023-02-04,Algeria,Senegal,True,0,0,Draw,2.43,76,1.73,0.45,58.15,12.16,4.24,6.45,2.07,85,1.31,0.72,47.71,13.38,3.7,5.3,2,2,0,0,1723.0,1731.0,-8.0
1031232,2023-06-20,Algeria,Tunisia,True,1,1,Draw,2.5,80,1.56,0.49,58.15,12.16,4.24,6.45,1.77,81,1.1,0.59,44.49,9.57,2.65,5.73,3,3,0,0,1723.0,1738.0,-15.0
1061059,2023-09-12,Algeria,Senegal,False,1,0,A,2.14,82,1.29,0.48,58.15,12.16,4.24,3.07,2.01,91,1.71,0.84,43.11,10.36,3.84,4.21,3,2,1,0,1723.0,1731.0,-8.0
1135018,2023-10-12,Algeria,Cabo Verde,True,5,1,A,2.25,83,1.26,0.42,58.15,12.16,4.24,2.14,1.71,48,1.45,0.92,45.12,5.49,1.9,3.49,1,0,0,1,1723.0,1479.0,244.0
1135019,2023-10-16,Algeria,Egypt,False,1,1,Draw,2.35,84,1.74,0.49,58.15,12.16,4.24,2.77,2.26,74,1.65,0.71,48.23,9.96,2.89,5.13,1,0,1,0,1723.0,1684.0,39.0
1170218,2024-03-26,Algeria,South Africa,True,3,3,Draw,1.98,92,1.89,0.92,68.18,15.48,4.46,5.67,1.39,84,0.89,0.58,48.6,9.07,3.89,3.15,0,0,0,0,1685.0,1576.0,109.0
1367920,2025-06-10,Algeria,Sweden,False,3,4,B,2.43,106,2.43,0.54,61.36,14.68,5.28,5.53,2.12,99,2.48,0.95,60.47,18.07,7.11,7.4,1,0,0,1,1757.0,1660.0,97.0
1419213,2025-08-08,Algeria,South Africa,True,1,1,Draw,2.23,108,2.57,0.86,59.03,16.29,6.47,5.81,1.69,109,1.27,0.86,57.95,15.29,6.4,5.49,1,0,1,0,1757.0,1551.0,206.0
1501840,2026-01-06,Algeria,Congo DR,True,1,0,A,2.45,125,2.12,0.52,54.1,11.92,5.26,5.74,2.23,107,1.6,0.55,45.67,15.99,4.09,4.38,1,0,1,0,1756.0,1704.0,52.0
1528280,2026-03-31,Algeria,Uruguay,True,0,0,Draw,2.3,128,2.4,0.57,51.93,9.83,4.17,4.41,1.43,113,1.01,1.07,53.18,9.67,2.63,4.27,0,0,0,0,1756.0,1841.0,-85.0
1536930,2026-06-03,Algeria,Netherlands,False,1,0,A,2.13,129,2.09,0.49,49.19,8.92,3.18,4.56,2.09,105,2.57,0.84,56.72,13.98,5.28,5.56,0,0,0,0,1756.0,1971.0,-215.0
1489381,2026-06-17,Algeria,Argentina,False,0,3,B,2.34,131,2.22,0.37,48.92,8.72,2.92,4.21,2.64,122,2.53,0.3,67.21,12.55,5.54,4.08,0,0,0,0,1756.0,2151.0,-395.0
256792,2016-10-08,Cabo Verde,Senegal,False,0,2,B,1.6,2,1.07,0.47,,,,,2.07,2,2.53,0.93,,,,,0,0,0,0,1428.0,1669.0,-241.0
256811,2017-09-01,Cabo Verde,South Africa,True,2,1,A,0.51,5,0.34,1.25,,,,,1.89,8,1.36,0.89,,,,,0,0,0,0,1424.0,1541.0,-117.0
256820,2017-09-05,Cabo Verde,South Africa,False,2,1,A,1.08,6,0.72,1.19,,,,,1.55,9,1.29,1.09,,,,,1,1,0,0,1424.0,1541.0,-117.0
256834,2017-10-07,Cabo Verde,Senegal,True,0,2,B,1.48,7,0.99,1.15,,,,,1.69,10,1.7,1.4,,,,,1,0,0,1,1424.0,1747.0,-323.0
705137,2021-06-08,Cabo Verde,Senegal,False,0,2,B,1.62,27,1.08,0.79,,,,,1.96,47,1.48,0.67,56.93,12.61,4.0,5.19,2,0,0,2,1467.0,1702.0,-235.0
826690,2022-01-25,Cabo Verde,Senegal,False,0,2,B,1.54,37,1.0,0.87,48.67,7.01,2.29,4.58,2.06,63,1.4,0.47,63.59,11.76,2.72,5.37,3,0,0,3,1481.0,1745.0,-264.0
1028636,2023-06-12,Cabo Verde,Morocco,False,0,0,Draw,1.93,45,1.29,0.63,45.12,5.49,1.9,3.49,1.72,94,1.15,0.74,45.36,9.97,2.96,2.8,0,0,0,0,1479.0,1846.0,-367.0
1155256,2024-01-10,Cabo Verde,Tunisia,False,0,2,B,1.48,52,1.28,1.15,45.12,5.49,1.9,2.62,1.76,89,1.28,0.78,42.71,6.18,1.6,3.77,0,0,0,0,1472.0,1598.0,-126.0
1138700,2024-01-14,Cabo Verde,Ghana,False,2,1,A,1.29,53,1.11,1.26,45.12,5.49,1.9,2.62,1.28,69,0.8,1.17,51.07,6.99,2.02,3.37,0,0,0,0,1472.0,1429.0,43.0
1138724,2024-01-22,Cabo Verde,Egypt,True,2,2,Draw,1.7,55,1.46,1.07,50.05,11.82,4.56,2.79,2.06,80,2.08,0.86,57.45,14.66,4.63,4.88,0,0,0,0,1472.0,1657.0,-185.0
1169664,2024-02-03,Cabo Verde,South Africa,True,0,0,Draw,1.79,57,1.46,1.03,54.68,12.14,4.02,5.2,1.67,80,1.15,0.62,53.31,8.88,4.05,4.14,2,2,0,0,1472.0,1576.0,-104.0
1232409,2024-09-06,Cabo Verde,Egypt,False,0,3,B,1.91,62,1.15,0.97,53.77,15.3,3.52,5.77,1.76,86,1.74,1.21,52.01,14.2,4.47,3.96,1,0,1,0,1472.0,1657.0,-185.0
1232505,2024-11-15,Cabo Verde,Egypt,True,1,1,Draw,1.39,66,0.86,1.05,53.77,15.3,3.52,5.77,2.29,90,2.01,0.7,52.01,14.2,4.47,3.96,2,0,1,1,1472.0,1657.0,-185.0
1486541,2025-11-17,Cabo Verde,Egypt,False,1,1,Draw,1.86,78,1.46,0.71,51.51,15.3,3.81,3.81,2.04,103,1.39,0.57,52.01,14.2,4.47,3.96,3,0,2,1,1561.0,1623.0,-62.0
1489380,2026-06-15,Cabo Verde,Spain,False,0,0,Draw,1.83,83,1.8,0.87,51.51,15.3,3.81,3.81,2.24,114,2.52,0.8,65.37,19.34,7.5,6.58,0,0,0,0,1619.0,2177.0,-558.0
256812,2017-09-01,Congo DR,Tunisia,False,1,2,B,2.22,7,2.02,0.69,,,,,3.0,5,1.52,0.32,,,,,0,0,0,0,1601.0,1618.0,-17.0
256821,2017-09-05,Congo DR,Tunisia,True,2,2,Draw,1.79,8,1.82,0.94,,,,,3.0,6,1.63,0.48,,,,,1,0,0,1,1601.0,1618.0,-17.0
117910,2019-06-26,Congo DR,Egypt,False,0,2,B,1.16,21,0.94,1.06,54.0,11.0,3.0,5.0,1.93,28,1.62,0.87,50.35,11.89,5.41,4.37,0,0,0,0,1502.0,1581.0,-79.0
246524,2019-10-13,Congo DR,Côte d'Ivoire,False,1,3,B,1.29,27,1.62,1.36,54.17,15.73,4.79,7.93,1.62,33,1.46,1.11,41.81,11.99,5.47,4.06,0,0,0,0,1502.0,1615.0,-113.0
625661,2020-10-13,Congo DR,Morocco,False,1,1,Draw,0.96,33,1.26,1.56,54.17,15.73,4.79,7.93,2.05,48,1.83,0.71,61.25,14.3,4.49,3.98,0,0,0,0,1500.0,1681.0,-181.0
705520,2021-06-05,Congo DR,Tunisia,False,0,1,B,1.45,42,1.0,1.18,54.17,15.73,4.79,7.93,2.22,47,1.9,0.83,53.22,12.46,3.37,4.86,2,0,1,1,1509.0,1638.0,-129.0
828187,2022-03-25,Congo DR,Morocco,True,1,1,Draw,1.44,51,1.13,0.77,54.17,15.73,4.79,7.93,2.23,76,2.1,0.77,60.28,16.34,5.86,6.13,1,0,1,0,1453.0,1866.0,-413.0
828188,2022-03-29,Congo DR,Morocco,False,1,4,B,1.39,52,1.11,0.8,44.63,6.61,2.17,4.24,2.07,77,1.96,0.8,59.3,14.89,4.97,6.1,2,0,2,0,1453.0,1866.0,-413.0
965348,2023-01-18,Congo DR,Côte d'Ivoire,True,0,0,Draw,1.07,58,0.97,0.95,41.19,10.96,3.64,5.16,1.58,65,1.56,0.99,49.6,10.37,4.67,4.92,1,0,0,1,1497.0,1642.0,-145.0
965354,2023-01-22,Congo DR,Senegal,False,0,3,B,1.06,59,0.84,0.83,41.19,10.96,3.64,5.16,1.59,82,1.17,1.1,47.71,13.38,3.7,5.3,0,0,0,0,1497.0,1731.0,-234.0
1119526,2023-09-12,Congo DR,South Africa,False,0,1,B,1.79,65,1.26,0.71,41.19,10.96,3.64,3.02,1.73,70,1.18,0.84,62.46,11.75,4.8,6.0,0,0,0,0,1497.0,1486.0,11.0
1133449,2023-10-13,Congo DR,New Zealand,False,1,1,Draw,1.56,66,1.1,0.75,43.33,12.51,5.43,5.04,1.28,36,1.27,1.19,57.1,10.46,3.14,5.59,0,0,0,0,1497.0,1525.0,-28.0
1138718,2024-01-21,Congo DR,Morocco,False,1,1,Draw,1.16,73,0.86,0.78,51.8,20.86,5.81,5.22,2.17,102,1.75,0.54,47.59,11.28,4.28,3.49,3,0,2,1,1540.0,1802.0,-262.0
1166109,2024-01-28,Congo DR,Egypt,False,1,1,Draw,1.12,75,0.77,0.7,49.19,13.76,3.77,4.86,1.93,81,2.07,1.01,55.95,18.82,5.43,5.49,1,0,0,1,1540.0,1657.0,-117.0
1171549,2024-02-07,Congo DR,Côte d'Ivoire,False,0,1,B,1.35,77,1.08,0.78,44.95,12.97,3.0,4.32,1.76,82,1.82,1.1,55.82,12.77,3.41,4.68,2,0,1,1,1540.0,1579.0,-39.0
1172282,2024-02-10,Congo DR,South Africa,False,0,0,Draw,1.18,78,0.94,0.81,44.52,11.67,2.79,4.64,1.51,82,1.0,0.6,53.83,10.9,4.52,4.09,1,0,0,1,1540.0,1576.0,-36.0
1125905,2024-06-06,Congo DR,Senegal,False,1,1,Draw,1.15,79,0.82,0.7,44.42,11.94,2.83,3.98,2.39,102,1.79,0.39,49.15,10.59,3.45,5.96,1,0,0,1,1540.0,1771.0,-231.0
1419231,2025-08-17,Congo DR,Morocco,True,1,3,B,2.21,96,1.48,0.46,44.42,11.94,2.83,3.98,2.52,122,2.36,0.45,63.54,12.31,3.8,6.37,4,0,3,1,1657.0,1840.0,-183.0
1126038,2025-09-09,Congo DR,Senegal,True,2,3,B,2.06,98,1.75,0.82,44.42,11.94,2.83,3.98,1.69,127,1.17,0.62,47.69,11.29,6.05,4.35,2,0,1,1,1657.0,1807.0,-150.0
1347257,2025-12-27,Congo DR,Senegal,False,1,1,Draw,2.28,105,1.45,0.58,45.07,11.11,2.98,6.65,2.14,133,2.71,0.6,60.04,19.64,9.66,6.7,3,0,1,2,1657.0,1807.0,-150.0
1539003,2026-06-17,Congo DR,Portugal,False,1,1,Draw,1.78,112,1.2,0.61,46.62,13.43,3.52,5.38,2.26,113,2.36,0.92,64.17,17.04,6.23,5.92,0,0,0,0,1704.0,1995.0,-291.0
256803,2016-11-12,Côte d'Ivoire,Morocco,False,0,0,Draw,3.0,3,2.42,0.38,,,,,1.25,3,0.58,0.33,,,,,0,0,0,0,1717.0,1600.0,117.0
256842,2017-11-11,Côte d'Ivoire,Morocco,True,0,2,B,1.5,10,1.34,0.82,,,,,1.79,10,1.84,0.36,,,,,1,0,1,0,1601.0,1688.0,-87.0
117903,2019-06-24,Côte d'Ivoire,South Africa,True,1,0,A,1.93,25,1.79,0.76,,,,,1.5,22,1.3,0.72,,,,,0,0,0,0,1615.0,1531.0,84.0
117915,2019-06-28,Côte d'Ivoire,Morocco,False,0,1,B,2.07,26,1.68,0.66,44.0,9.0,3.0,5.0,1.55,35,1.19,0.82,59.12,11.47,3.79,4.81,2,0,1,1,1615.0,1659.0,-44.0
240839,2019-09-10,Côte d'Ivoire,Tunisia,False,2,1,A,1.69,31,1.64,0.98,41.81,11.99,5.47,4.06,1.55,35,1.19,0.79,53.22,12.46,3.37,4.86,0,0,0,0,1615.0,1619.0,-4.0
640104,2020-10-08,Côte d'Ivoire,Belgium,False,1,1,Draw,1.82,37,1.44,0.98,41.81,11.99,5.47,4.06,2.85,39,3.8,0.56,62.49,17.83,8.63,7.12,0,0,0,0,1617.0,2110.0,-493.0
705142,2021-06-12,Côte d'Ivoire,Ghana,False,0,0,Draw,2.15,45,1.71,0.84,41.81,11.99,5.47,4.06,1.36,33,1.31,0.98,53.19,14.75,4.48,6.63,0,0,0,0,1646.0,1600.0,46.0
827458,2022-01-26,Côte d'Ivoire,Egypt,True,0,0,Draw,2.15,55,1.76,0.76,52.68,13.91,5.88,4.82,2.0,55,1.29,0.47,59.87,11.76,3.47,8.28,0,0,0,0,1668.0,1660.0,8.0
847814,2022-03-25,Côte d'Ivoire,France,False,1,2,B,2.0,56,1.53,0.66,53.37,13.64,6.51,6.06,2.4,63,2.66,0.78,54.92,14.47,6.27,4.79,0,0,0,0,1668.0,2081.0,-413.0
827602,2022-03-29,Côte d'Ivoire,England,False,0,3,B,1.74,57,1.46,0.84,53.37,13.64,6.51,6.06,2.51,65,3.44,0.41,66.48,14.27,6.43,5.01,0,0,0,0,1668.0,1966.0,-298.0
965343,2023-01-14,Côte d'Ivoire,Senegal,True,0,1,B,1.82,64,1.79,0.99,49.6,10.37,4.67,4.92,1.65,80,1.4,1.28,47.71,13.38,3.7,5.3,0,0,0,0,1642.0,1731.0,-89.0
1135751,2023-10-14,Côte d'Ivoire,Morocco,True,1,1,Draw,1.79,72,1.37,0.94,49.6,10.37,4.67,4.92,1.62,97,1.0,0.71,45.36,9.97,2.96,3.23,3,0,1,2,1642.0,1846.0,-204.0
1119528,2023-10-17,Côte d'Ivoire,South Africa,True,1,1,Draw,1.69,73,1.32,0.95,49.6,10.37,4.67,2.89,1.78,72,1.01,0.64,59.85,9.43,4.07,3.59,1,1,0,0,1642.0,1486.0,156.0
1166111,2024-01-29,Côte d'Ivoire,Senegal,False,1,1,Draw,1.66,80,1.91,1.13,63.76,15.56,3.37,6.77,2.38,99,1.86,0.44,51.35,9.83,3.28,5.95,1,0,0,1,1579.0,1771.0,-192.0
1180735,2024-03-26,Côte d'Ivoire,Uruguay,True,2,1,A,1.92,85,1.78,1.1,57.3,14.06,4.1,4.97,2.06,86,1.88,0.71,49.76,10.64,3.68,3.26,0,0,0,0,1579.0,1948.0,-369.0
1364923,2025-06-07,Côte d'Ivoire,New Zealand,True,0,1,B,2.1,98,1.44,0.57,57.3,14.06,4.1,4.97,2.34,54,3.86,0.5,44.99,7.38,2.24,3.61,0,0,0,0,1627.0,1585.0,42.0
1503402,2026-01-10,Côte d'Ivoire,Egypt,False,2,3,B,2.21,110,1.88,0.52,49.94,17.28,3.29,5.8,2.01,112,1.35,0.8,47.37,13.4,5.16,4.33,1,0,1,0,1727.0,1747.0,-20.0
1528278,2026-03-31,Côte d'Ivoire,Scotland,False,1,0,A,2.06,112,2.17,0.74,53.36,15.55,4.34,5.85,1.58,97,1.7,1.36,48.16,10.88,4.27,4.5,0,0,0,0,1727.0,1745.0,-18.0
1536931,2026-06-04,Côte d'Ivoire,France,False,2,1,A,2.18,113,2.02,0.64,53.11,14.85,4.09,5.69,2.47,116,2.45,0.94,61.18,17.84,6.34,6.21,1,0,0,1,1727.0,2143.0,-416.0
1489375,2026-06-14,Côte d'Ivoire,Ecuador,True,1,0,A,2.38,115,2.01,0.6,50.82,13.39,3.9,5.05,1.88,111,1.31,0.49,56.09,12.27,4.26,4.39,0,0,0,0,1727.0,1871.0,-144.0
256804,2016-11-13,Egypt,Ghana,True,2,0,A,2.14,3,2.09,0.67,,,,,1.66,3,0.66,0.0,,,,,0,0,0,0,1656.0,1590.0,66.0
117956,2017-06-11,Egypt,Tunisia,False,0,1,B,2.4,4,2.06,0.47,,,,,3.0,4,1.7,0.43,,,,,0,0,0,0,1650.0,1618.0,32.0
254752,2017-08-12,Egypt,Morocco,True,1,1,Draw,1.78,5,1.53,0.6,,,,,0.87,5,0.3,0.43,,,,,0,0,0,0,1650.0,1688.0,-38.0
254753,2017-08-17,Egypt,Morocco,False,1,3,B,1.6,6,1.41,0.69,,,,,0.9,6,0.46,0.56,,,,,1,0,1,0,1650.0,1688.0,-38.0
256844,2017-11-12,Egypt,Ghana,False,1,1,Draw,1.66,10,1.22,0.95,,,,,1.4,10,1.74,0.86,,,,,1,1,0,0,1650.0,1613.0,37.0
225353,2018-03-23,Egypt,Portugal,False,1,2,B,1.55,11,1.18,0.95,,,,,2.85,10,2.94,0.29,67.15,18.25,7.28,7.05,0,0,0,0,1613.0,1958.0,-345.0
225433,2018-06-01,Egypt,Colombia,True,0,0,Draw,1.09,14,0.98,1.09,40.0,4.0,3.0,0.0,1.48,20,1.12,0.98,51.49,10.12,4.65,4.0,0,0,0,0,1613.0,1960.0,-347.0
225457,2018-06-06,Egypt,Belgium,False,0,3,B,1.07,15,0.83,0.93,40.0,4.0,3.0,0.0,2.56,12,3.52,0.52,61.17,18.05,9.09,8.05,0,0,0,0,1613.0,2034.0,-421.0
135778,2018-06-15,Egypt,Uruguay,True,0,1,B,0.92,16,0.71,1.23,41.27,4.64,3.0,1.27,2.13,21,1.81,0.82,45.09,12.03,5.12,4.25,0,0,0,0,1613.0,1921.0,-308.0
118030,2018-11-16,Egypt,Tunisia,True,3,2,A,1.45,22,1.82,1.1,42.09,7.96,1.98,1.86,2.07,20,1.58,1.13,52.9,11.66,4.19,3.44,1,0,0,1,1613.0,1646.0,-33.0
171219,2019-07-06,Egypt,South Africa,True,0,1,B,2.19,30,1.72,0.66,50.12,12.65,4.68,5.38,1.32,25,0.96,0.7,46.89,2.0,0.0,3.0,0,0,0,0,1581.0,1531.0,50.0
815968,2021-12-15,Egypt,Tunisia,False,0,1,B,2.38,50,2.09,0.59,53.11,13.24,4.26,4.78,2.19,60,1.74,0.74,53.22,12.46,3.37,4.86,2,1,0,1,1658.0,1638.0,20.0
829108,2022-01-30,Egypt,Morocco,True,2,1,A,1.87,56,1.12,0.41,55.5,14.47,3.92,7.9,2.56,75,2.26,0.58,65.24,16.46,6.5,7.22,2,0,1,1,1660.0,1866.0,-206.0
836180,2022-02-06,Egypt,Senegal,False,0,0,Draw,1.89,58,1.07,0.42,53.3,12.7,3.47,6.2,2.38,66,1.85,0.55,56.78,13.75,4.35,5.81,0,0,0,0,1660.0,1745.0,-85.0
828181,2022-03-25,Egypt,Senegal,True,1,0,A,1.77,59,0.93,0.37,51.18,11.53,3.38,5.75,2.2,67,1.61,0.48,56.83,13.59,5.11,5.23,1,0,1,0,1660.0,1745.0,-85.0
828182,2022-03-29,Egypt,Senegal,False,0,1,B,1.93,60,0.94,0.32,49.81,11.05,3.3,5.42,1.91,68,1.4,0.55,56.67,12.9,4.7,4.99,2,1,1,0,1660.0,1745.0,-85.0
958281,2022-11-18,Egypt,Belgium,False,2,1,A,1.79,66,1.31,0.77,48.23,9.96,2.89,3.99,1.79,70,1.89,1.11,63.11,13.27,5.17,5.16,1,0,0,1,1660.0,1947.0,-287.0
1042721,2023-09-12,Egypt,Tunisia,True,1,3,B,2.48,72,1.86,0.5,48.23,9.96,2.89,4.72,1.85,83,1.34,0.56,44.49,9.57,2.65,6.07,3,1,0,2,1684.0,1738.0,-54.0
1138712,2024-01-18,Egypt,Ghana,True,2,2,Draw,2.22,79,2.09,0.69,57.02,17.56,4.34,5.39,1.11,70,0.83,1.28,49.57,8.1,1.64,2.94,2,1,1,0,1657.0,1429.0,228.0
1174754,2024-03-22,Egypt,New Zealand,True,1,0,A,1.81,82,1.93,1.01,56.24,16.36,4.75,4.85,0.95,40,0.94,1.32,52.07,11.7,2.99,5.72,0,0,0,0,1657.0,1583.0,74.0
1188621,2024-03-26,Egypt,Croatia,True,2,4,B,1.96,83,1.81,0.88,54.24,14.81,4.33,4.36,1.83,90,1.31,0.58,63.59,15.6,6.06,6.21,0,0,0,0,1657.0,1886.0,-229.0
1351529,2025-03-02,Egypt,South Africa,False,1,1,Draw,1.98,92,1.76,0.77,52.01,14.2,4.47,3.96,2.07,96,1.99,0.68,51.29,11.81,4.65,4.42,1,0,0,1,1623.0,1551.0,72.0
1351530,2025-03-09,Egypt,South Africa,True,1,3,B,1.85,93,1.66,0.8,52.01,14.2,4.47,3.96,1.93,97,1.86,0.72,51.29,11.81,4.65,4.42,2,0,1,1,1623.0,1551.0,72.0
1486533,2025-09-06,Egypt,Tunisia,True,1,0,A,2.08,97,1.61,0.71,52.01,14.2,4.47,3.96,1.92,108,1.31,0.61,42.39,5.8,1.19,4.54,4,1,0,3,1623.0,1615.0,8.0
1486475,2025-09-09,Egypt,Tunisia,True,3,0,A,2.2,98,1.53,0.62,52.01,14.2,4.47,3.96,1.84,110,1.12,0.58,42.39,5.8,1.19,4.54,5,2,0,3,1623.0,1615.0,8.0
1347253,2025-12-26,Egypt,South Africa,True,1,0,A,1.84,109,1.32,1.01,42.43,32.43,7.08,5.52,2.19,120,1.69,0.7,62.33,12.59,4.46,4.58,3,0,1,2,1623.0,1551.0,72.0
1505616,2026-01-14,Egypt,Senegal,False,0,1,B,2.14,113,1.57,0.95,43.23,11.52,4.9,4.03,2.34,137,2.4,0.54,61.58,15.44,7.53,6.11,3,1,1,1,1747.0,1816.0,-69.0
1511778,2026-03-31,Egypt,Spain,False,0,0,Draw,1.91,116,1.55,0.73,43.15,9.48,4.31,2.76,2.48,111,3.06,0.84,65.91,19.58,8.32,6.2,0,0,0,0,1747.0,2177.0,-430.0
1528287,2026-06-06,Egypt,Brazil,False,1,2,B,1.95,118,1.31,0.55,44.18,8.92,3.79,2.73,1.82,118,2.36,1.17,58.09,14.78,5.53,4.42,0,0,0,0,1747.0,1993.0,-246.0
1489377,2026-06-15,Egypt,Belgium,False,1,1,Draw,1.7,119,1.27,0.74,44.63,8.11,3.5,2.77,2.17,112,3.1,0.79,60.25,17.93,7.3,8.32,2,1,0,1,1747.0,1961.0,-214.0
218328,2019-06-15,Ghana,South Africa,True,0,0,Draw,1.75,16,1.47,0.69,,,,,1.58,21,1.5,0.83,,,,,0,0,0,0,1630.0,1531.0,99.0
171223,2019-07-08,Ghana,Tunisia,True,2,2,Draw,1.68,20,1.29,0.58,55.46,11.14,3.81,4.28,1.67,30,1.32,0.86,53.07,10.13,3.15,3.04,0,0,0,0,1630.0,1619.0,11.0
257242,2019-11-14,Ghana,South Africa,True,2,0,A,1.32,23,1.03,0.7,53.19,14.75,4.48,6.63,1.27,30,1.1,1.29,49.2,6.2,2.26,2.37,1,0,1,0,1630.0,1531.0,99.0
257327,2021-03-25,Ghana,South Africa,False,1,1,Draw,1.63,29,1.38,0.79,53.19,14.75,4.48,6.63,1.59,36,1.48,1.23,49.2,6.2,2.26,2.37,2,1,1,0,1600.0,1548.0,52.0
705139,2021-06-08,Ghana,Morocco,False,0,1,B,1.56,32,1.51,0.98,53.19,14.75,4.48,6.63,2.39,59,1.93,0.43,61.25,14.3,4.49,3.98,0,0,0,0,1600.0,1764.0,-164.0
701063,2021-09-06,Ghana,South Africa,False,0,1,B,1.53,35,1.12,0.74,53.19,14.75,4.48,6.63,1.79,46,1.27,0.53,53.11,7.67,2.86,3.7,3,1,2,0,1600.0,1548.0,52.0
701143,2021-11-14,Ghana,South Africa,True,1,0,A,1.64,39,1.18,0.74,48.79,5.69,2.01,1.92,2.31,50,1.35,0.4,46.05,9.9,3.12,4.23,4,1,2,1,1600.0,1548.0,52.0
819001,2022-01-10,Ghana,Morocco,False,0,1,B,1.58,41,1.01,0.95,43.92,10.29,3.11,4.18,2.63,71,2.61,0.4,61.25,14.3,4.49,3.98,1,0,0,1,1593.0,1866.0,-273.0
944079,2022-09-23,Ghana,Brazil,False,0,3,B,0.99,50,1.12,1.42,48.27,9.8,2.81,5.66,2.56,75,2.47,0.33,58.52,15.3,6.62,3.81,0,0,0,0,1593.0,2133.0,-540.0
942162,2022-11-17,Ghana,Switzerland,True,2,0,A,1.14,52,0.98,1.41,48.27,9.8,2.81,5.66,1.74,69,1.45,1.14,47.6,11.36,3.99,5.8,0,0,0,0,1593.0,1878.0,-285.0
855745,2022-11-24,Ghana,Portugal,False,2,3,B,1.38,53,1.11,1.23,46.72,10.23,3.97,4.33,1.97,68,2.22,0.52,53.78,13.83,5.52,6.04,0,0,0,0,1593.0,1998.0,-405.0
855770,2022-12-02,Ghana,Uruguay,True,0,2,B,1.44,55,1.46,1.53,42.34,9.14,3.51,4.21,1.57,74,1.23,0.71,47.06,11.35,3.39,3.94,0,0,0,0,1593.0,1904.0,-311.0
1511731,2026-03-27,Ghana,Austria,False,1,5,B,1.45,94,1.48,0.89,46.22,7.54,1.56,1.69,1.97,99,2.33,0.71,63.35,14.02,5.93,4.25,0,0,0,0,1570.0,1821.0,-251.0
1501816,2026-03-30,Ghana,Germany,False,1,2,B,1.26,95,1.42,1.42,43.99,6.63,1.36,2.16,2.28,106,2.72,1.08,65.57,17.62,6.65,6.44,0,0,0,0,1570.0,1907.0,-337.0
1489385,2026-06-17,Ghana,Panama,True,1,0,A,0.96,98,1.16,1.49,38.96,7.57,2.43,3.05,1.64,134,1.78,1.58,50.3,12.16,5.15,3.35,0,0,0,0,1570.0,1658.0,-88.0
135794,2018-06-20,Morocco,Portugal,False,0,1,B,2.18,23,1.83,0.55,66.02,12.81,5.41,6.55,1.99,16,2.23,1.06,55.92,13.64,5.78,5.74,0,0,0,0,1728.0,1958.0,-230.0
135812,2018-06-25,Morocco,Spain,False,2,2,Draw,1.89,24,1.59,0.61,62.58,13.5,4.97,6.69,2.37,16,2.56,0.72,66.08,14.25,5.62,6.03,0,0,0,0,1728.0,2011.0,-283.0
225570,2018-11-20,Morocco,Tunisia,False,1,0,A,2.07,29,1.78,0.68,52.91,11.52,4.45,5.19,1.79,21,1.63,1.39,52.9,11.66,4.19,3.44,0,0,0,0,1728.0,1646.0,82.0
218281,2019-03-26,Morocco,Argentina,True,0,1,B,2.04,31,1.46,0.51,52.91,11.52,4.45,5.19,1.62,32,1.63,1.13,54.45,10.06,4.1,5.81,0,0,0,0,1659.0,1970.0,-311.0
117924,2019-07-01,Morocco,South Africa,False,1,0,A,1.74,36,1.17,0.71,59.12,11.47,3.79,4.81,1.53,24,1.11,0.65,56.0,2.0,0.0,3.0,0,0,0,0,1659.0,1531.0,128.0
625660,2020-10-09,Morocco,Senegal,True,3,1,A,1.91,47,1.65,0.67,61.25,14.3,4.49,3.98,2.04,41,1.57,0.54,56.93,12.61,4.0,5.19,0,0,0,0,1681.0,1755.0,-74.0
859135,2022-06-09,Morocco,South Africa,True,2,1,A,1.9,79,1.93,1.11,59.86,15.95,6.23,5.25,1.63,53,0.89,1.01,47.53,7.48,2.44,2.53,1,1,0,0,1866.0,1540.0,326.0
942154,2022-09-27,Morocco,Paraguay,False,0,0,Draw,2.15,83,1.96,0.95,59.86,15.95,6.23,5.25,1.3,62,0.92,1.45,43.9,9.33,2.22,3.28,0,0,0,0,1866.0,1727.0,139.0
855740,2022-11-23,Morocco,Croatia,True,0,0,Draw,2.13,85,1.87,0.72,59.86,14.55,7.21,5.87,2.33,72,1.68,0.81,55.45,11.53,4.65,4.45,0,0,0,0,1866.0,1950.0,-84.0
855753,2022-11-27,Morocco,Belgium,False,2,0,A,1.98,86,1.63,0.62,50.21,12.65,5.7,4.17,1.75,72,1.67,1.07,61.71,12.62,4.84,4.98,0,0,0,0,1866.0,1947.0,-81.0
977345,2022-12-06,Morocco,Spain,True,0,0,Draw,2.23,88,1.72,0.6,43.88,10.65,4.54,3.07,1.86,72,2.17,0.87,73.64,12.07,4.99,4.92,1,0,1,0,1866.0,1996.0,-130.0
978088,2022-12-10,Morocco,Portugal,True,1,0,A,2.07,89,1.5,0.52,39.05,9.7,4.02,2.44,2.07,72,2.62,0.83,55.18,13.76,5.74,5.53,1,0,0,1,1866.0,1998.0,-132.0
978488,2022-12-14,Morocco,France,False,0,2,B,2.19,90,1.43,0.46,36.52,9.57,3.83,2.55,2.01,76,1.92,0.98,55.17,15.48,6.24,6.05,0,0,0,0,1866.0,2081.0,-215.0
979138,2022-12-17,Morocco,Croatia,False,1,2,B,1.91,91,1.25,0.66,41.28,10.18,3.68,2.63,1.6,78,1.24,1.03,55.34,11.48,3.99,4.14,1,0,1,0,1866.0,1950.0,-84.0
1012334,2023-03-25,Morocco,Brazil,True,2,1,A,1.66,92,1.21,0.83,42.69,9.98,3.39,2.69,2.28,82,2.24,0.53,57.15,17.76,7.87,6.01,0,0,0,0,1846.0,2011.0,-165.0
859231,2023-06-17,Morocco,South Africa,False,1,2,B,1.63,95,1.0,0.65,45.36,9.97,2.96,2.8,2.04,63,1.56,0.97,50.18,8.51,3.08,3.14,2,2,0,0,1846.0,1486.0,360.0
1166113,2024-01-30,Morocco,South Africa,True,0,2,B,2.14,104,1.57,0.52,51.47,13.06,4.87,4.11,1.48,79,1.02,0.71,55.17,9.87,4.31,4.64,3,2,0,1,1802.0,1576.0,226.0
1352901,2025-06-06,Morocco,Tunisia,True,2,0,A,2.72,117,3.09,0.42,65.84,11.88,4.03,6.29,2.02,106,1.21,0.51,46.33,7.9,1.42,4.06,1,1,0,0,1840.0,1615.0,225.0
1447028,2025-08-26,Morocco,Senegal,True,1,1,Draw,2.64,124,2.26,0.46,63.54,12.31,3.8,6.37,1.66,124,1.07,0.63,47.69,11.29,6.05,4.35,1,1,0,0,1840.0,1807.0,33.0
1508003,2026-01-18,Morocco,Senegal,False,3,0,A,2.49,144,1.69,0.27,58.06,15.13,5.51,6.08,2.42,138,2.22,0.47,61.87,14.73,6.8,6.09,2,1,1,0,1921.0,1816.0,105.0
1522229,2026-03-27,Morocco,Ecuador,True,1,1,Draw,2.55,145,1.86,0.24,56.62,16.0,5.06,6.78,1.69,107,0.89,0.33,55.42,11.04,4.08,4.03,0,0,0,0,1921.0,1871.0,50.0
1522230,2026-03-31,Morocco,Paraguay,True,2,1,A,2.35,146,1.75,0.34,56.01,15.32,4.71,5.96,1.63,96,1.08,1.0,38.54,10.19,3.7,4.13,1,0,1,0,1921.0,1814.0,107.0
1540950,2026-06-07,Morocco,Norway,True,1,1,Draw,2.57,149,2.43,0.32,59.3,14.9,5.38,6.37,2.17,92,2.82,0.86,54.88,15.66,5.51,5.01,0,0,0,0,1921.0,1972.0,-51.0
1489371,2026-06-13,Morocco,Brazil,False,1,1,Draw,2.37,150,2.25,0.41,57.04,14.57,5.31,5.8,1.98,119,2.31,1.15,57.36,14.38,5.74,4.5,1,1,0,0,1921.0,1993.0,-72.0
256806,2017-11-10,Senegal,South Africa,False,2,0,A,1.91,11,1.75,1.17,,,,,1.56,11,1.53,1.21,,,,,0,0,0,0,1747.0,1541.0,206.0
256845,2017-11-14,Senegal,South Africa,True,2,1,A,2.08,12,1.79,0.98,,,,,1.31,12,1.29,1.34,,,,,1,1,0,0,1747.0,1541.0,206.0
225386,2018-03-27,Senegal,Bosnia and Herzegovina,True,0,0,Draw,2.04,14,1.7,0.99,,,,,1.58,13,1.59,0.97,56.76,13.81,6.65,5.73,0,0,0,0,1755.0,1795.0,-40.0
225464,2018-06-08,Senegal,Croatia,False,1,2,B,1.76,16,1.23,0.72,69.0,14.0,5.0,8.0,1.56,15,1.03,0.79,48.98,9.71,3.31,5.32,0,0,0,0,1755.0,1923.0,-168.0
135822,2018-06-28,Senegal,Colombia,True,0,1,B,1.77,20,1.49,0.97,45.3,11.37,4.17,3.93,1.46,23,1.25,0.87,50.11,10.29,4.3,4.02,0,0,0,0,1755.0,1960.0,-205.0
209526,2019-07-14,Senegal,Tunisia,True,1,0,A,2.37,32,1.48,0.42,57.2,12.94,5.03,4.52,1.77,32,1.62,0.88,52.57,12.49,4.54,4.17,0,0,0,0,1763.0,1619.0,144.0
244950,2019-10-10,Senegal,Brazil,False,1,1,Draw,2.13,37,1.28,0.39,56.93,12.61,4.0,5.19,2.01,45,2.01,0.55,60.89,13.88,5.34,6.62,0,0,0,0,1763.0,2081.0,-318.0
748047,2021-07-18,Senegal,South Africa,False,0,0,Draw,2.07,53,1.62,0.91,56.93,12.61,4.0,5.19,2.05,44,1.67,0.69,49.2,6.2,2.26,2.37,2,2,0,0,1702.0,1548.0,154.0
855734,2022-11-21,Senegal,Netherlands,True,0,2,B,1.78,76,1.53,0.88,57.09,15.09,5.48,5.9,2.48,62,2.39,0.9,58.67,15.09,5.36,4.91,0,0,0,0,1745.0,2073.0,-328.0
855761,2022-11-29,Senegal,Ecuador,False,2,1,A,1.74,78,1.55,1.02,53.94,14.46,4.97,5.95,1.54,70,0.87,0.52,53.09,11.18,3.61,5.78,0,0,0,0,1745.0,1841.0,-96.0
976534,2022-12-04,Senegal,England,False,0,3,B,1.9,79,1.61,1.02,50.21,14.35,4.48,5.96,1.72,75,2.25,0.98,60.77,13.13,5.53,5.39,0,0,0,0,1745.0,1966.0,-221.0
1028929,2023-06-20,Senegal,Brazil,False,4,2,A,2.04,89,1.48,0.64,47.71,13.38,3.7,5.3,2.11,84,2.33,0.76,56.75,16.31,7.39,5.45,1,0,1,0,1731.0,2011.0,-280.0
1352903,2025-06-10,Senegal,England,False,3,1,A,2.18,115,1.51,0.32,54.49,11.52,3.81,5.34,2.45,107,2.17,0.44,68.43,16.32,6.21,6.98,1,0,0,1,1807.0,2042.0,-235.0
1485012,2025-11-15,Senegal,Brazil,False,0,2,B,2.14,130,2.15,0.61,47.69,11.29,6.05,4.35,1.57,113,1.81,1.04,60.65,12.11,4.51,4.37,2,1,1,0,1807.0,1978.0,-171.0
1489383,2026-06-16,Senegal,France,False,1,3,B,1.89,143,1.8,0.9,58.77,12.75,5.98,6.64,2.26,118,2.35,1.07,62.58,18.71,6.12,6.26,0,0,0,0,1816.0,2143.0,-327.0
225572,2018-11-20,South Africa,Paraguay,True,1,1,Draw,1.41,19,1.49,0.77,,,,,0.93,20,1.08,1.72,42.78,8.93,3.33,4.47,0,0,0,0,1548.0,1723.0,-175.0
847818,2022-03-29,South Africa,France,False,0,5,B,1.88,52,1.02,0.42,49.17,8.8,2.87,3.28,2.48,64,2.58,0.8,54.92,14.47,6.27,4.79,0,0,0,0,1540.0,2081.0,-541.0
1138729,2024-01-24,South Africa,Tunisia,True,0,0,Draw,1.55,78,1.17,0.81,58.07,9.55,4.97,4.55,1.58,92,1.17,0.75,46.82,6.9,2.1,4.59,0,0,0,0,1576.0,1598.0,-22.0
1527857,2026-03-27,South Africa,Panama,True,1,1,Draw,1.78,123,1.58,1.04,63.81,14.86,5.31,4.92,1.69,129,1.52,0.95,54.72,13.66,5.05,4.74,0,0,0,0,1560.0,1658.0,-98.0
1528276,2026-03-31,South Africa,Panama,True,1,2,B,1.68,124,1.5,1.04,63.84,14.37,5.26,4.93,1.6,130,1.45,0.96,52.0,12.12,4.6,4.19,1,0,1,0,1560.0,1658.0,-98.0
1539004,2026-06-18,South Africa,Czechia,False,1,1,Draw,1.17,128,1.06,1.14,61.29,12.3,4.3,3.94,1.75,103,1.9,1.14,49.84,13.06,4.6,6.32,0,0,0,0,1560.0,1680.0,-120.0
225416,2018-05-28,Tunisia,Portugal,False,2,2,Draw,2.56,11,1.52,0.47,,,,,2.42,12,2.34,0.82,64.42,15.46,7.06,7.03,0,0,0,0,1646.0,1958.0,-312.0
225431,2018-06-01,Tunisia,Türkiye,True,2,2,Draw,2.31,12,1.6,0.72,43.0,8.0,4.0,3.0,1.81,13,1.5,1.26,53.67,8.5,4.21,3.29,0,0,0,0,1646.0,1690.0,-44.0
225474,2018-06-09,Tunisia,Spain,True,0,1,B,2.11,13,1.66,0.92,43.0,8.0,4.0,3.0,2.39,13,3.12,0.55,63.08,13.62,5.69,6.24,0,0,0,0,1646.0,2011.0,-365.0
135790,2018-06-18,Tunisia,England,True,1,2,B,1.79,14,1.41,0.93,43.0,8.0,4.0,3.0,2.61,14,1.68,0.41,63.0,12.37,6.08,7.5,0,0,0,0,1646.0,1959.0,-313.0
135803,2018-06-23,Tunisia,Belgium,False,2,5,B,1.52,15,1.35,1.09,40.59,6.79,2.19,2.4,2.73,15,3.45,0.45,61.56,17.03,8.7,8.31,0,0,0,0,1646.0,2034.0,-388.0
135824,2018-06-28,Tunisia,Panama,False,2,1,A,1.3,16,1.44,1.66,44.85,10.56,3.34,2.23,0.82,23,0.59,2.15,46.17,8.79,3.05,3.28,0,0,0,0,1646.0,1566.0,80.0
218322,2019-06-11,Tunisia,Croatia,False,2,1,A,1.71,25,1.59,0.98,52.9,11.66,4.19,3.44,1.71,32,1.53,1.56,53.42,11.65,3.52,5.07,0,0,0,0,1619.0,1919.0,-300.0
944080,2022-09-27,Tunisia,Brazil,False,1,5,B,2.17,74,1.46,0.27,51.11,9.44,2.74,5.25,2.62,76,2.54,0.28,58.52,15.3,6.62,3.81,0,0,0,0,1745.0,2133.0,-388.0
855763,2022-11-30,Tunisia,France,True,1,0,A,1.54,77,1.06,0.8,47.35,10.82,2.55,5.38,1.94,73,2.0,0.96,56.02,17.79,6.68,6.41,0,0,0,0,1745.0,2081.0,-336.0
1174679,2024-03-23,Tunisia,Croatia,True,0,0,Draw,1.51,93,1.02,0.66,49.11,8.05,2.07,4.93,1.96,89,1.5,0.67,62.62,15.85,6.37,5.65,1,1,0,0,1598.0,1886.0,-288.0
1188620,2024-03-26,Tunisia,New Zealand,False,0,0,Draw,1.44,94,0.89,0.57,44.46,7.31,1.81,4.07,0.82,41,0.82,1.28,52.05,9.83,2.51,5.36,0,0,0,0,1598.0,1583.0,15.0
1485023,2025-11-18,Tunisia,Brazil,False,1,1,Draw,1.97,115,1.87,0.88,42.39,5.8,1.19,4.54,1.76,114,1.84,0.9,58.87,12.36,4.7,4.71,1,0,0,1,1615.0,1978.0,-363.0
1512761,2026-03-29,Tunisia,Haiti,False,1,0,A,1.48,123,1.71,1.15,54.27,9.83,3.16,6.17,1.81,74,1.92,1.1,52.63,12.34,4.62,4.28,0,0,0,0,1562.0,1517.0,45.0
1511733,2026-06-01,Tunisia,Austria,False,0,1,B,1.59,125,1.41,0.87,54.27,9.83,3.16,6.17,2.22,101,2.46,0.65,61.89,12.51,5.41,4.3,0,0,0,0,1562.0,1821.0,-259.0
1512767,2026-06-06,Tunisia,Belgium,False,0,5,B,1.39,126,1.23,0.89,50.53,11.0,2.83,5.56,2.05,111,2.81,0.9,59.39,16.58,6.6,7.63,1,0,0,1,1562.0,1961.0,-399.0
1539002,2026-06-15,Tunisia,Sweden,False,1,5,B,1.21,127,1.07,1.42,46.48,10.02,2.38,4.2,1.35,110,1.8,1.83,50.5,11.85,4.73,4.33,0,0,0,0,1562.0,1731.0,-169.0
362637,2019-09-08,Curaçao,Haiti,True,1,0,A,1.34,16,1.82,0.73,,,,,1.89,22,1.8,1.05,26.0,0.0,0.0,1.0,0,0,0,0,1412.0,1557.0,-145.0
362641,2019-09-11,Curaçao,Haiti,False,1,1,Draw,1.58,17,1.7,0.63,,,,,1.64,23,1.55,1.05,26.0,0.0,0.0,1.0,1,1,0,0,1412.0,1557.0,-145.0
706967,2021-06-12,Curaçao,Panama,False,1,2,B,1.74,24,2.32,0.54,,,,,1.83,50,2.63,1.11,40.7,4.8,1.98,2.91,0,0,0,0,1404.0,1627.0,-223.0
706968,2021-06-16,Curaçao,Panama,True,0,0,Draw,1.51,25,2.15,0.73,,,,,1.98,51,2.55,1.1,40.7,4.8,1.98,2.91,1,0,0,1,1404.0,1627.0,-223.0
804753,2021-10-09,Curaçao,New Zealand,True,1,2,B,1.25,27,1.61,1.08,,,,,1.57,19,2.15,0.94,39.07,3.93,0.0,4.67,0,0,0,0,1404.0,1528.0,-124.0
1012339,2023-03-28,Curaçao,Argentina,False,0,7,B,0.69,34,1.12,1.79,,,,,2.36,84,2.43,0.74,59.2,12.8,5.86,4.73,0,0,0,0,1337.0,2139.0,-802.0
1060794,2023-10-13,Curaçao,Panama,True,1,2,B,0.56,40,0.58,1.57,57.93,10.63,3.21,5.16,1.7,95,1.59,0.98,55.48,13.16,4.22,4.16,2,0,1,1,1337.0,1765.0,-428.0
1169554,2025-06-10,Curaçao,Haiti,False,5,1,A,1.92,56,2.23,0.83,60.63,16.68,6.35,5.38,2.56,64,3.72,0.79,62.03,19.72,7.87,5.42,2,1,1,0,1466.0,1542.0,-76.0
1511779,2026-05-30,Curaçao,Scotland,False,1,4,B,1.36,68,1.74,1.37,53.45,14.14,5.8,4.26,1.38,98,1.48,1.32,48.14,11.29,4.23,4.83,0,0,0,0,1438.0,1745.0,-307.0
1489374,2026-06-14,Curaçao,Germany,False,1,7,B,1.42,70,1.95,1.49,49.86,13.23,5.31,3.87,2.52,109,2.7,0.94,63.56,17.91,6.84,6.51,0,0,0,0,1438.0,1907.0,-469.0
256319,2016-03-26,Haiti,Panama,True,0,0,Draw,1.29,4,1.29,0.77,,,,,1.4,2,1.47,1.07,,,,,0,0,0,0,1475.0,1688.0,-213.0
256326,2016-03-30,Haiti,Panama,False,0,1,B,1.22,5,0.96,0.57,,,,,1.25,3,0.91,0.66,,,,,1,0,1,0,1475.0,1688.0,-213.0
225420,2018-05-29,Haiti,Argentina,False,0,4,B,1.18,8,0.86,0.6,,,,,1.51,20,1.2,1.45,57.39,11.84,5.04,5.21,0,0,0,0,1512.0,1920.0,-408.0
1544806,2026-06-03,Haiti,New Zealand,True,4,0,A,1.5,76,1.58,1.08,52.63,12.34,4.62,4.28,1.16,64,1.78,1.29,40.59,9.49,3.37,4.0,0,0,0,0,1517.0,1534.0,-17.0
1489372,2026-06-14,Haiti,Scotland,True,0,1,B,1.48,78,1.78,1.08,50.64,11.72,4.36,4.17,1.77,100,2.09,1.11,49.99,13.18,5.49,5.34,0,0,0,0,1517.0,1745.0,-228.0
225380,2018-03-27,Panama,Switzerland,False,0,6,B,1.21,17,0.92,1.16,51.34,10.71,3.97,4.09,2.42,13,1.65,0.49,60.13,15.94,4.92,4.76,0,0,0,0,1566.0,1921.0,-355.0
225455,2018-06-06,Panama,Norway,False,0,1,B,1.27,20,0.71,1.37,49.73,9.51,3.66,3.76,2.18,13,2.28,1.3,51.04,11.84,5.0,5.32,0,0,0,0,1566.0,1678.0,-112.0
135789,2018-06-18,Panama,Belgium,False,0,3,B,1.1,21,0.61,1.32,49.73,9.51,3.66,3.76,2.68,14,3.53,0.52,61.66,17.41,9.2,8.19,0,0,0,0,1566.0,2034.0,-468.0
135806,2018-06-24,Panama,England,False,1,6,B,0.95,22,0.53,1.54,47.44,8.98,3.31,3.6,2.66,15,1.73,0.5,62.7,13.21,6.36,7.43,0,0,0,0,1566.0,1959.0,-393.0
225581,2018-11-21,Panama,Ecuador,True,1,2,B,0.51,28,0.6,2.04,43.19,8.82,3.23,2.68,1.3,23,1.46,1.32,51.68,10.16,3.91,6.07,0,0,0,0,1566.0,1772.0,-206.0
218273,2019-03-23,Panama,Brazil,False,1,1,Draw,0.39,30,0.56,2.16,43.19,8.82,3.23,2.68,2.69,33,1.84,0.19,59.41,14.41,7.12,6.24,0,0,0,0,1504.0,2081.0,-577.0
218294,2019-06-03,Panama,Colombia,False,0,3,B,0.47,31,0.62,2.01,42.47,7.57,2.82,2.13,1.85,31,1.53,0.94,51.27,9.93,4.16,4.17,0,0,0,0,1504.0,1985.0,-481.0
218309,2019-06-07,Panama,Uruguay,False,0,3,B,0.41,32,0.54,2.14,40.7,6.32,2.6,2.91,1.72,33,1.97,0.96,45.88,9.6,4.59,3.73,0,0,0,0,1504.0,1965.0,-461.0
865799,2022-06-11,Panama,Uruguay,False,0,5,B,1.82,73,1.84,1.17,55.5,11.28,2.98,5.53,1.88,69,1.32,0.74,47.32,13.06,4.47,4.92,1,0,0,1,1646.0,1904.0,-258.0
1012323,2023-03-23,Panama,Argentina,False,0,2,B,1.27,81,1.33,1.3,55.5,9.46,2.99,4.27,2.27,83,2.5,0.85,56.67,14.3,6.7,5.03,0,0,0,0,1765.0,2139.0,-374.0
1193372,2024-06-16,Panama,Paraguay,True,0,1,B,2.02,103,1.82,0.93,56.69,14.98,5.46,5.33,0.84,75,0.38,1.05,45.52,12.4,3.18,4.38,0,0,0,0,1726.0,1775.0,-49.0
1146305,2024-06-24,Panama,Uruguay,False,1,3,B,1.76,104,1.59,0.94,56.69,14.98,5.46,5.33,1.86,89,1.86,0.66,46.99,9.25,3.35,3.65,2,0,0,2,1726.0,1948.0,-222.0
1222459,2024-07-06,Panama,Colombia,False,0,5,B,1.89,107,1.76,1.16,56.47,13.86,5.07,4.15,2.5,93,2.1,0.69,54.94,13.29,4.79,3.35,1,0,0,1,1726.0,1977.0,-251.0
1536926,2026-05-31,Panama,Brazil,False,2,6,B,1.78,131,1.52,0.96,51.0,11.53,4.52,3.74,1.65,117,1.81,1.05,58.8,14.05,4.42,5.01,1,0,1,0,1658.0,1993.0,-335.0
1544360,2026-06-06,Panama,Bosnia and Herzegovina,True,1,1,Draw,1.74,133,1.9,1.67,50.3,12.16,5.15,3.35,1.36,93,1.45,1.16,50.53,14.94,4.76,4.12,0,0,0,0,1658.0,1605.0,53.0
256704,2015-10-14,Argentina,Paraguay,False,0,0,Draw,0.0,1,0.0,2.0,69.0,10.0,6.0,7.0,3.0,1,1.0,0.0,46.0,7.0,2.0,1.0,0,0,0,0,2023.0,1727.0,296.0
256710,2015-11-14,Argentina,Brazil,True,1,1,Draw,0.53,2,0.0,0.93,59.91,11.07,6.0,3.26,1.6,2,1.6,1.47,54.81,10.07,3.14,10.28,0,0,0,0,2023.0,2037.0,-14.0
256712,2015-11-17,Argentina,Colombia,False,1,0,A,0.71,3,0.38,0.96,58.42,9.9,4.86,6.2,1.25,3,0.96,1.37,50.81,9.29,5.58,4.48,0,0,0,0,2023.0,1954.0,69.0
256730,2016-09-01,Argentina,Uruguay,True,1,0,A,2.09,6,1.18,0.58,55.79,10.33,4.92,4.35,2.15,6,1.92,0.7,46.69,8.45,6.32,4.31,0,0,0,0,2044.0,1914.0,130.0
256745,2016-10-11,Argentina,Paraguay,True,0,1,B,1.85,9,1.44,0.98,53.14,8.86,4.75,6.14,1.16,9,0.96,1.57,47.25,7.36,3.05,3.87,1,0,1,0,2044.0,1701.0,343.0
256751,2016-11-10,Argentina,Brazil,False,0,3,B,1.53,10,1.19,0.99,55.19,9.58,4.44,6.29,2.35,10,2.53,0.72,53.8,12.37,5.77,5.27,1,0,1,0,2044.0,2087.0,-43.0
256755,2016-11-15,Argentina,Colombia,True,3,0,A,1.27,11,0.99,1.32,53.67,9.15,4.2,6.24,1.61,11,1.31,0.99,53.78,9.01,4.14,4.27,1,1,0,0,2044.0,1929.0,115.0
256769,2017-08-31,Argentina,Uruguay,False,0,0,Draw,1.51,14,1.07,1.1,52.15,9.98,4.28,4.48,1.28,14,1.68,1.66,43.51,10.64,4.89,3.97,1,1,0,0,1983.0,1866.0,117.0
256784,2017-10-10,Argentina,Ecuador,False,3,1,A,1.32,17,0.79,0.81,60.01,13.08,4.6,5.37,0.67,17,1.18,1.72,51.29,10.35,4.06,5.92,1,0,0,1,1983.0,1746.0,237.0
225398,2018-03-27,Argentina,Spain,False,1,6,B,1.76,19,1.23,0.72,58.58,12.78,5.37,5.24,2.57,11,3.03,0.37,65.6,15.07,5.99,7.08,0,0,0,0,1920.0,2011.0,-91.0
135799,2018-06-21,Argentina,Croatia,True,0,3,B,1.62,22,1.5,1.22,62.04,14.4,5.78,6.07,1.94,17,1.29,0.7,52.0,9.96,3.06,5.65,0,0,0,0,1920.0,1923.0,-3.0
135761,2018-06-30,Argentina,France,False,3,4,B,1.62,24,1.39,1.4,62.12,13.02,5.21,5.8,2.19,18,1.58,0.66,59.75,13.4,5.63,5.26,0,0,0,0,1920.0,2092.0,-172.0
225506,2018-09-12,Argentina,Colombia,False,0,0,Draw,1.61,26,1.8,1.51,61.97,12.4,5.31,5.89,1.77,26,1.29,0.81,50.97,10.02,3.94,3.57,2,2,0,0,1920.0,1960.0,-40.0
225539,2018-10-16,Argentina,Brazil,True,0,1,B,1.73,28,1.88,1.14,55.47,10.89,4.57,5.04,2.53,30,2.28,0.29,59.1,16.25,7.98,6.51,2,0,1,1,1920.0,2136.0,-216.0
83262,2019-06-15,Argentina,Colombia,True,0,2,B,1.96,34,2.0,0.98,52.81,8.96,3.77,5.69,2.13,33,1.89,0.71,53.07,10.87,5.19,3.52,3,2,1,0,1970.0,1985.0,-15.0
83269,2019-06-20,Argentina,Paraguay,True,1,1,Draw,1.7,35,1.74,1.12,52.84,9.65,4.15,5.57,1.04,26,1.3,1.58,43.2,9.3,3.69,3.44,2,0,1,1,1970.0,1738.0,232.0
171214,2019-07-03,Argentina,Brazil,False,0,2,B,1.95,38,1.73,0.83,53.33,10.77,4.46,4.98,2.34,41,2.3,0.17,64.88,16.31,6.35,7.59,3,0,1,2,1970.0,2081.0,-111.0
218349,2019-10-09,Argentina,Germany,False,2,2,Draw,1.92,42,1.71,0.75,50.44,11.94,4.36,4.68,1.87,29,2.48,1.21,64.1,16.04,7.21,6.77,0,0,0,0,1970.0,1964.0,6.0
244954,2019-10-13,Argentina,Ecuador,False,6,1,A,1.8,43,1.74,0.91,50.44,11.94,4.36,4.68,1.37,33,1.31,1.22,47.29,9.14,2.85,4.28,2,1,0,1,1970.0,1725.0,245.0
247684,2019-11-15,Argentina,Brazil,False,1,0,A,1.95,44,2.3,0.92,50.44,11.94,4.36,4.68,1.76,47,1.76,0.66,60.89,13.88,5.34,6.62,4,0,1,3,1970.0,2081.0,-111.0
255957,2019-11-18,Argentina,Uruguay,True,2,2,Draw,2.09,45,2.13,0.8,50.44,11.94,4.36,4.68,2.06,43,1.63,0.74,49.59,12.32,4.89,5.1,2,1,1,0,1970.0,1965.0,5.0
293580,2020-10-09,Argentina,Ecuador,True,1,0,A,1.95,46,2.11,0.96,50.44,11.94,4.36,4.68,1.24,36,1.3,1.53,47.29,9.14,2.85,4.28,3,2,0,1,1994.0,1825.0,169.0
293589,2020-11-13,Argentina,Paraguay,True,1,1,Draw,2.2,48,1.97,0.85,50.47,12.11,3.47,5.58,1.4,37,1.05,0.98,55.79,9.74,3.89,3.95,3,0,2,1,1994.0,1769.0,225.0
293611,2021-06-08,Argentina,Colombia,False,2,2,Draw,2.02,51,1.75,0.79,53.31,13.44,4.3,5.36,1.66,48,1.4,1.45,53.37,10.37,3.68,4.6,4,2,1,1,2101.0,1904.0,197.0
312550,2021-06-19,Argentina,Uruguay,True,1,0,A,1.77,53,1.68,0.95,52.52,14.46,4.98,5.44,1.53,50,1.26,0.95,49.53,8.56,2.74,3.96,3,1,2,0,2101.0,1847.0,254.0
312556,2021-06-22,Argentina,Paraguay,True,1,0,A,1.93,54,1.59,0.83,51.27,13.56,5.15,5.86,1.35,42,1.16,1.09,57.1,14.43,5.0,5.02,4,0,3,1,2101.0,1729.0,372.0
718251,2021-07-04,Argentina,Ecuador,True,3,0,A,2.19,56,1.84,0.76,52.75,13.63,6.21,5.05,1.16,47,1.59,1.54,53.37,11.36,4.23,6.91,4,3,0,1,2101.0,1848.0,253.0
721125,2021-07-07,Argentina,Colombia,True,1,1,Draw,2.3,57,1.99,0.66,51.88,14.75,6.49,5.2,1.22,54,1.02,1.18,50.44,10.3,3.77,3.91,5,2,2,1,2101.0,1904.0,197.0
723369,2021-07-11,Argentina,Brazil,True,1,0,A,2.13,58,1.86,0.7,51.6,14.49,6.12,5.17,2.56,61,1.93,0.36,58.5,13.06,5.82,4.79,5,1,1,3,2101.0,2149.0,-48.0
293629,2021-10-07,Argentina,Paraguay,False,0,0,Draw,2.43,61,2.05,0.58,55.85,15.24,6.28,5.1,1.29,49,1.2,1.24,49.55,10.18,3.69,4.26,5,1,3,1,2101.0,1729.0,372.0
293599,2021-10-10,Argentina,Uruguay,True,3,0,A,2.24,62,1.79,0.5,57.83,15.06,6.52,5.23,1.77,59,1.18,0.65,49.98,12.15,3.72,4.09,4,2,2,0,2101.0,1847.0,254.0
293636,2021-11-12,Argentina,Uruguay,False,1,0,A,2.42,64,1.82,0.38,59.73,14.9,6.31,4.52,1.34,61,1.02,1.35,47.84,10.9,3.9,3.42,5,3,2,0,2101.0,1847.0,254.0
293643,2021-11-16,Argentina,Brazil,True,0,0,Draw,2.5,65,1.71,0.33,60.31,13.83,5.86,4.17,2.47,68,1.78,0.39,58.59,13.56,5.94,4.64,6,2,1,3,2101.0,2149.0,-48.0
293655,2022-02-01,Argentina,Colombia,True,1,0,A,2.4,67,1.56,0.38,57.07,12.34,5.41,4.08,1.22,66,0.77,0.77,52.92,13.87,3.29,6.13,6,2,3,1,2144.0,1919.0,225.0
293662,2022-03-30,Argentina,Ecuador,False,1,1,Draw,2.54,69,1.68,0.29,59.07,13.25,5.44,4.14,1.31,61,1.24,1.2,50.37,11.58,3.63,5.26,5,4,0,1,2144.0,1841.0,303.0
977794,2022-12-09,Argentina,Netherlands,False,2,2,Draw,2.58,80,2.38,0.4,62.68,14.09,6.14,4.89,2.51,66,2.25,0.74,55.96,12.51,4.64,4.57,0,0,0,0,2144.0,2073.0,71.0
978279,2022-12-13,Argentina,Croatia,True,3,0,A,2.37,81,2.33,0.6,60.39,14.07,5.96,5.37,1.83,77,1.42,0.73,54.45,11.41,4.29,4.16,1,0,0,1,2144.0,1950.0,194.0
979139,2022-12-18,Argentina,France,True,3,3,Draw,2.46,82,2.42,0.53,57.14,13.3,6.12,4.86,2.14,77,1.93,0.85,53.02,15.29,5.81,5.51,1,0,0,1,2144.0,2081.0,63.0
1100237,2023-09-08,Argentina,Ecuador,True,1,0,A,2.58,87,2.78,0.49,59.79,12.79,5.51,5.74,1.95,76,1.51,0.91,58.71,10.59,4.24,4.93,6,4,1,1,2139.0,1882.0,257.0
1100244,2023-10-12,Argentina,Paraguay,True,1,0,A,2.68,89,2.6,0.37,61.16,13.12,5.67,5.29,0.96,69,0.71,1.15,45.89,13.63,3.36,4.76,6,1,4,1,2139.0,1706.0,433.0
1100256,2023-11-17,Argentina,Uruguay,True,0,2,B,2.76,91,2.34,0.28,63.45,12.92,5.52,5.15,1.97,83,1.85,0.88,48.26,10.03,3.89,2.95,6,4,2,0,2139.0,2006.0,133.0
1100258,2023-11-22,Argentina,Brazil,False,1,0,A,2.4,92,2.04,0.5,63.39,12.8,5.18,5.53,1.5,90,1.83,1.25,61.73,13.22,5.49,5.16,7,2,2,3,2139.0,2011.0,128.0
1193462,2024-06-09,Argentina,Ecuador,True,1,0,A,2.61,95,2.17,0.46,65.26,14.7,6.79,5.97,1.8,84,1.06,0.73,52.9,11.19,3.87,4.61,7,5,1,1,2108.0,1909.0,199.0
1219957,2024-07-05,Argentina,Ecuador,True,1,1,Draw,2.8,100,2.07,0.32,65.83,15.39,6.96,6.47,1.73,90,1.29,0.85,48.74,12.55,4.54,4.2,8,6,1,1,2108.0,1909.0,199.0
1234030,2024-07-15,Argentina,Colombia,True,1,0,A,2.62,102,1.94,0.35,61.93,13.87,5.8,5.3,2.62,95,2.28,0.52,52.15,12.18,4.7,3.38,7,3,3,1,2108.0,1977.0,131.0
1100270,2024-09-10,Argentina,Colombia,False,1,2,B,2.72,104,1.97,0.27,60.33,13.82,6.13,4.96,2.11,97,1.86,0.64,54.85,13.54,4.66,4.75,8,4,3,1,2108.0,1977.0,131.0
1100283,2024-11-14,Argentina,Paraguay,False,1,2,B,2.29,107,2.29,0.49,61.12,13.08,5.88,4.62,1.31,83,0.73,1.0,42.99,10.76,3.63,3.87,7,2,4,1,2108.0,1775.0,333.0
1100297,2025-03-21,Argentina,Uruguay,False,1,0,A,2.12,109,1.98,0.59,64.69,12.19,4.92,3.97,1.41,102,1.17,0.77,51.04,10.26,3.38,4.59,7,4,2,1,2113.0,1890.0,223.0
1100301,2025-03-26,Argentina,Brazil,True,4,1,A,2.24,110,1.85,0.52,62.06,12.17,4.8,3.84,1.83,106,1.59,0.85,60.88,14.08,4.82,5.35,8,3,2,3,2113.0,1978.0,135.0
1100310,2025-06-11,Argentina,Colombia,True,1,1,Draw,2.42,112,1.98,0.5,61.89,11.86,4.95,4.11,1.28,105,1.44,1.05,58.86,14.14,4.62,4.0,9,4,3,2,2113.0,1998.0,115.0
1100320,2025-09-09,Argentina,Ecuador,False,0,1,B,2.34,114,2.0,0.49,64.12,12.32,5.26,4.08,1.57,102,0.75,0.29,53.81,10.57,3.82,3.58,9,6,2,1,2113.0,1933.0,180.0
256721,2016-03-26,Brazil,Uruguay,True,2,2,Draw,1.87,4,1.87,0.9,52.01,10.41,4.24,6.89,2.21,4,2.27,0.53,46.58,8.6,6.08,4.07,0,0,0,0,2087.0,1914.0,173.0
256726,2016-03-30,Brazil,Paraguay,False,2,2,Draw,1.64,5,1.9,1.18,52.26,9.53,3.92,6.92,1.55,5,1.12,0.94,49.44,8.32,3.41,3.33,0,0,0,0,2087.0,1701.0,386.0
256729,2016-09-01,Brazil,Ecuador,False,3,0,A,1.5,6,1.93,1.37,53.35,11.24,5.08,6.25,1.91,6,1.94,1.41,51.35,11.83,6.32,7.94,0,0,0,0,2087.0,1849.0,238.0
256735,2016-09-07,Brazil,Colombia,True,2,1,A,1.81,7,2.15,1.08,52.86,11.82,5.07,5.57,2.04,7,1.74,1.07,52.57,11.24,6.22,4.05,0,0,0,0,2087.0,1929.0,158.0
256759,2017-03-23,Brazil,Uruguay,False,4,1,A,2.55,12,2.51,0.51,54.02,11.24,5.24,4.91,1.78,12,1.95,1.15,46.33,8.68,5.27,3.5,1,0,1,0,2113.0,1866.0,247.0
256765,2017-03-29,Brazil,Paraguay,True,3,0,A,2.62,13,2.74,0.58,56.35,11.21,5.51,4.61,1.34,13,1.0,1.53,44.18,6.96,3.47,3.29,1,0,1,0,2113.0,1752.0,361.0
256770,2017-09-01,Brazil,Ecuador,True,2,0,A,2.67,14,2.78,0.49,57.96,12.99,5.74,5.58,1.07,14,1.46,1.55,54.08,11.02,4.81,6.4,1,1,0,0,2113.0,1746.0,367.0
256773,2017-09-05,Brazil,Colombia,False,1,1,Draw,2.72,15,2.67,0.42,60.34,13.44,6.22,6.09,1.7,15,1.04,0.8,54.51,10.38,4.19,4.57,1,1,0,0,2113.0,1926.0,187.0
225391,2018-03-27,Brazil,Germany,False,1,0,A,2.45,19,2.32,0.32,60.31,14.92,7.95,5.66,2.67,11,3.85,0.6,68.25,17.27,8.05,7.24,0,0,0,0,2136.0,1937.0,199.0
225444,2018-06-03,Brazil,Croatia,True,2,0,A,2.53,20,2.14,0.28,60.31,14.92,7.95,5.66,1.83,14,1.2,0.58,50.84,11.1,3.58,5.98,0,0,0,0,2136.0,1923.0,213.0
225476,2018-06-10,Brazil,Austria,False,3,0,A,2.59,21,2.12,0.24,60.26,14.31,7.33,4.93,2.33,14,1.88,0.69,51.63,12.26,5.5,5.24,0,0,0,0,2136.0,1765.0,371.0
135787,2018-06-17,Brazil,Switzerland,True,1,1,Draw,2.65,22,2.24,0.21,60.53,14.26,7.74,5.4,2.39,16,2.1,0.43,56.91,12.44,4.45,3.72,0,0,0,0,2136.0,1921.0,215.0
135770,2018-07-06,Brazil,Belgium,True,1,2,B,2.63,26,2.05,0.2,58.95,16.5,7.83,6.75,2.83,18,3.25,0.78,58.54,18.32,8.37,7.42,0,0,0,0,2136.0,2034.0,102.0
225556,2018-11-16,Brazil,Uruguay,True,1,0,A,2.59,31,2.11,0.25,59.1,16.25,7.98,6.51,1.72,29,1.94,1.37,44.57,11.78,4.9,4.14,2,1,1,0,2136.0,1921.0,215.0
218283,2019-03-26,Brazil,Czechia,False,3,1,A,2.47,34,1.73,0.3,59.35,14.81,6.63,7.14,1.47,21,1.07,1.77,44.47,10.44,4.15,5.05,0,0,0,0,2081.0,1735.0,346.0
169548,2019-06-28,Brazil,Paraguay,True,0,0,Draw,2.54,40,2.64,0.19,64.88,16.31,6.35,7.59,0.9,28,1.09,1.44,45.74,9.57,3.22,3.07,2,1,1,0,2081.0,1738.0,343.0
218342,2019-09-07,Brazil,Colombia,True,2,2,Draw,2.5,43,2.35,0.26,60.89,13.88,5.34,6.62,2.24,37,1.46,0.4,53.29,12.05,4.72,4.9,2,1,1,0,2081.0,1985.0,96.0
293591,2020-11-17,Brazil,Uruguay,False,2,0,A,2.16,52,2.21,0.63,66.05,14.1,6.16,6.03,1.95,47,1.92,1.15,47.14,9.0,3.6,3.24,3,2,1,0,2135.0,1952.0,183.0
293608,2021-06-05,Brazil,Ecuador,True,2,0,A,2.27,53,2.18,0.55,64.59,12.42,5.71,5.19,1.9,41,2.23,1.45,51.04,11.32,5.08,4.58,2,2,0,0,2149.0,1848.0,301.0
293613,2021-06-09,Brazil,Paraguay,False,2,0,A,2.36,54,2.16,0.48,64.67,13.11,5.96,4.96,1.27,40,1.02,0.97,53.02,10.08,3.82,4.0,3,1,2,0,2149.0,1729.0,420.0
312565,2021-06-24,Brazil,Colombia,True,2,1,A,2.58,57,2.48,0.31,60.85,14.44,6.37,5.06,1.44,52,1.2,1.26,53.83,11.88,4.25,4.62,3,1,2,0,2149.0,1904.0,245.0
312572,2021-06-27,Brazil,Ecuador,True,1,1,Draw,2.64,58,2.42,0.4,62.15,14.53,5.99,5.53,1.19,46,1.68,1.63,56.4,12.02,4.47,6.89,3,3,0,0,2149.0,1848.0,301.0
293596,2021-10-10,Brazil,Colombia,False,0,0,Draw,2.49,65,1.82,0.42,57.61,12.21,4.94,4.5,1.47,60,1.25,1.02,49.11,11.03,4.24,4.1,4,2,2,0,2149.0,1904.0,245.0
293632,2021-10-15,Brazil,Uruguay,True,4,1,A,2.3,66,1.58,0.37,58.36,11.77,4.81,4.29,1.54,60,1.03,0.95,48.3,11.84,4.04,3.65,4,3,1,0,2149.0,1847.0,302.0
293638,2021-11-12,Brazil,Colombia,True,1,0,A,2.39,67,1.9,0.45,57.89,13.17,5.94,4.11,1.36,62,0.95,0.77,49.43,11.41,4.18,4.93,5,2,3,0,2149.0,1904.0,245.0
293646,2022-01-27,Brazil,Ecuador,False,1,1,Draw,2.28,69,1.55,0.34,56.61,12.94,5.41,4.01,1.67,58,1.36,0.91,52.58,11.89,4.2,4.75,4,3,1,0,2133.0,1841.0,292.0
293653,2022-02-02,Brazil,Paraguay,True,4,0,A,2.11,70,1.48,0.43,56.26,12.81,5.49,3.61,0.74,55,0.52,1.26,44.63,9.39,2.54,4.13,4,2,2,0,2133.0,1727.0,406.0
855758,2022-11-28,Brazil,Switzerland,True,1,0,A,2.71,78,2.74,0.33,59.61,16.91,7.39,4.38,1.7,71,1.23,1.09,49.15,10.23,3.38,6.42,1,0,1,0,2133.0,1878.0,255.0
978072,2022-12-09,Brazil,Croatia,False,1,1,Draw,2.47,81,2.43,0.46,58.63,17.18,7.3,5.82,1.96,76,1.49,0.69,55.0,11.78,4.8,4.34,1,1,0,0,2133.0,1950.0,183.0
1100251,2023-10-18,Brazil,Uruguay,False,0,2,B,1.98,88,2.24,1.0,62.16,15.25,6.83,5.33,1.82,82,1.82,1.01,49.76,10.85,4.19,3.1,5,4,1,0,2011.0,2006.0,5.0
1100255,2023-11-17,Brazil,Colombia,False,1,2,B,1.72,89,1.95,1.13,62.0,13.42,5.89,4.87,1.89,82,1.2,0.57,52.99,10.82,3.44,4.04,6,3,3,0,2011.0,1984.0,27.0
1155270,2024-03-23,Brazil,England,False,1,0,A,1.3,91,1.59,1.21,60.13,12.51,5.29,5.0,2.27,87,2.32,0.65,63.91,12.32,4.93,4.96,0,0,0,0,1996.0,2006.0,-10.0
1160561,2024-03-26,Brazil,Spain,False,3,3,Draw,1.52,92,1.51,1.06,58.36,12.71,5.25,4.6,2.13,84,2.24,0.68,70.34,16.68,5.6,6.56,0,0,0,0,1996.0,2178.0,-182.0
1146312,2024-06-29,Brazil,Paraguay,False,4,1,A,1.5,96,1.53,1.17,58.99,14.53,5.77,5.1,0.97,77,0.53,1.06,43.19,12.16,3.15,4.16,5,3,2,0,1996.0,1775.0,221.0
1146318,2024-07-03,Brazil,Colombia,True,1,1,Draw,1.69,97,1.85,1.15,58.46,14.86,5.8,5.22,2.73,92,2.26,0.64,55.97,13.34,4.58,3.07,7,3,3,1,1996.0,1977.0,19.0
1222460,2024-07-07,Brazil,Uruguay,False,0,0,Draw,1.6,98,1.74,1.13,57.47,13.82,5.43,5.32,2.25,92,2.21,0.54,50.08,12.05,4.76,4.2,6,4,1,1,1996.0,1948.0,48.0
1100267,2024-09-07,Brazil,Ecuador,True,1,0,A,1.52,99,1.52,0.98,57.81,12.92,5.11,4.88,1.63,91,1.26,0.87,48.77,12.07,4.19,4.31,5,3,2,0,1996.0,1909.0,87.0
1100271,2024-09-11,Brazil,Paraguay,False,0,1,B,1.72,100,1.45,0.86,57.7,12.54,4.83,4.77,0.77,80,0.56,1.31,45.35,12.5,3.69,3.76,6,4,2,0,1996.0,1775.0,221.0
1100292,2024-11-20,Brazil,Uruguay,True,1,1,Draw,1.75,104,1.61,0.8,62.42,13.16,4.71,5.79,1.47,101,1.2,0.74,53.22,10.64,3.61,5.03,7,4,2,1,1996.0,1948.0,48.0
1100295,2025-03-21,Brazil,Colombia,True,2,1,A,1.65,105,1.53,0.83,62.37,13.79,4.49,5.56,1.57,102,1.69,0.95,57.53,15.35,5.75,4.53,8,3,4,1,1978.0,1998.0,-20.0
1100303,2025-06-05,Brazil,Ecuador,False,0,0,Draw,1.59,107,1.51,1.26,58.68,12.63,4.32,4.65,1.87,99,1.14,0.45,53.64,12.13,4.65,4.65,6,4,2,0,1978.0,1933.0,45.0
1100311,2025-06-11,Brazil,Paraguay,True,1,0,A,1.51,108,1.32,1.1,57.28,11.38,4.02,4.44,1.76,88,1.27,0.97,37.57,12.69,4.15,4.17,7,4,2,1,1978.0,1833.0,145.0
1501815,2026-03-26,Brazil,France,True,1,2,B,1.66,115,1.73,0.91,60.71,13.61,4.48,5.01,2.3,114,2.42,0.92,63.31,20.12,7.07,7.05,0,0,0,0,1993.0,2143.0,-150.0
1501817,2026-04-01,Brazil,Croatia,True,3,1,A,1.44,116,1.63,1.05,58.8,14.05,4.42,5.01,2.4,113,2.38,0.85,62.05,17.12,6.17,6.78,2,1,1,0,1993.0,1881.0,112.0
256703,2015-10-13,Colombia,Uruguay,False,0,3,B,3.0,1,2.0,0.0,45.0,10.0,7.0,4.0,3.0,1,2.0,0.0,49.0,10.0,6.0,4.0,0,0,0,0,1954.0,1946.0,8.0
256722,2016-03-29,Colombia,Ecuador,True,3,1,A,1.42,5,1.27,1.45,50.28,8.4,4.4,3.44,2.48,5,2.23,0.94,52.95,13.56,7.01,9.41,0,0,0,0,1929.0,1849.0,80.0
256739,2016-10-06,Colombia,Paraguay,False,1,0,A,1.64,8,1.59,1.25,50.14,9.84,5.21,4.04,1.41,8,1.18,1.7,47.08,7.89,3.28,4.06,0,0,0,0,1929.0,1701.0,228.0
256743,2016-10-11,Colombia,Uruguay,True,2,2,Draw,1.89,9,1.49,1.02,50.48,8.78,4.44,3.67,2.14,9,2.18,0.5,49.41,9.88,6.27,3.98,1,0,0,1,1929.0,1914.0,15.0
256763,2017-03-28,Colombia,Ecuador,False,2,0,A,1.61,13,1.09,1.11,55.47,10.47,4.02,4.95,1.26,13,1.72,1.47,53.74,11.74,5.5,6.83,1,1,0,0,1926.0,1746.0,180.0
256779,2017-10-05,Colombia,Paraguay,True,1,2,B,1.6,16,1.04,0.83,53.42,10.32,4.16,4.49,1.21,16,1.15,1.57,41.32,7.38,3.08,3.47,1,1,0,0,1926.0,1752.0,174.0
225357,2018-03-23,Colombia,France,False,3,2,A,1.32,18,1.03,1.0,52.22,10.46,4.75,4.32,2.34,10,1.75,0.59,61.78,16.81,6.98,6.55,0,0,0,0,1960.0,2092.0,-132.0
135768,2018-07-03,Colombia,England,True,1,1,Draw,1.67,24,1.21,0.75,51.71,9.28,3.93,3.86,2.32,17,2.02,0.63,59.84,12.62,5.82,6.82,0,0,0,0,1960.0,1959.0,1.0
83274,2019-06-23,Colombia,Paraguay,True,1,0,A,2.34,35,1.79,0.53,54.8,12.06,4.66,5.29,1.03,27,1.26,1.51,43.61,9.46,3.54,3.34,2,1,0,1,1985.0,1738.0,247.0
247686,2019-11-20,Colombia,Ecuador,False,1,0,A,1.76,42,1.01,0.69,52.65,10.91,4.23,5.21,1.43,35,1.5,1.61,47.29,9.14,2.85,4.28,2,2,0,0,1985.0,1725.0,260.0
293586,2020-11-13,Colombia,Uruguay,True,0,3,B,1.93,45,1.36,0.71,53.87,10.09,4.54,4.26,1.79,46,1.76,1.32,50.04,9.91,3.48,3.94,2,0,1,1,1896.0,1952.0,-56.0
293595,2020-11-17,Colombia,Ecuador,False,1,6,B,1.68,46,1.18,1.01,55.62,10.28,4.0,4.63,1.55,39,1.7,1.59,50.49,10.56,3.98,4.46,3,3,0,0,1896.0,1825.0,71.0
312547,2021-06-14,Colombia,Ecuador,True,1,0,A,1.57,49,1.48,1.52,52.25,10.66,3.91,5.2,1.44,43,1.81,1.58,51.86,10.38,4.16,5.0,4,3,0,1,1904.0,1848.0,56.0
718250,2021-07-03,Colombia,Uruguay,False,0,0,Draw,1.26,53,1.18,1.36,50.34,10.52,3.91,4.07,1.7,54,1.18,0.73,51.0,12.26,3.69,4.1,3,0,1,2,1904.0,1847.0,57.0
293604,2021-09-05,Colombia,Paraguay,False,1,1,Draw,1.37,57,1.24,1.23,48.66,11.01,4.11,3.8,1.04,47,1.09,1.32,49.08,10.77,3.75,4.21,3,2,0,1,1904.0,1729.0,175.0
293626,2021-10-07,Colombia,Uruguay,False,0,0,Draw,1.54,59,1.44,1.17,48.81,11.68,4.44,4.28,1.89,58,1.36,0.74,50.14,11.67,3.84,4.1,4,0,2,2,1904.0,1847.0,57.0
293631,2021-10-14,Colombia,Ecuador,True,0,0,Draw,1.41,61,1.09,0.89,47.45,11.16,4.21,3.82,1.15,53,1.31,1.22,55.85,11.46,3.67,6.9,5,4,0,1,1904.0,1848.0,56.0
293641,2021-11-16,Colombia,Paraguay,True,0,0,Draw,1.18,63,0.83,0.8,47.75,10.55,3.75,4.53,0.83,53,0.69,1.49,45.73,9.86,3.05,4.0,4,2,1,1,1904.0,1729.0,175.0
967579,2022-11-20,Colombia,Paraguay,True,2,0,A,2.03,72,1.58,0.77,55.88,12.93,4.29,5.23,1.1,64,0.69,1.23,43.93,11.14,2.4,3.45,5,2,2,1,1919.0,1727.0,192.0
1028658,2023-06-20,Colombia,Germany,False,2,0,A,2.15,77,1.49,0.69,56.27,11.19,3.54,4.71,1.35,73,1.99,1.5,65.8,18.45,6.36,6.7,0,0,0,0,1984.0,1885.0,99.0
1100245,2023-10-12,Colombia,Uruguay,True,2,2,Draw,2.18,80,1.29,0.46,54.96,10.83,3.43,3.84,1.94,81,1.8,0.87,49.55,10.17,3.9,3.27,5,0,3,2,1984.0,2006.0,-22.0
1100248,2023-10-17,Colombia,Ecuador,False,0,0,Draw,2.03,81,1.38,0.66,54.12,11.28,3.51,3.72,2.01,79,1.48,0.94,52.84,10.08,4.0,4.51,6,4,1,1,1984.0,1882.0,102.0
1100260,2023-11-21,Colombia,Paraguay,False,1,0,A,2.04,83,1.31,0.63,51.2,12.5,4.34,3.89,1.1,72,0.58,0.85,42.57,11.77,3.54,4.18,6,3,2,1,1984.0,1706.0,278.0
1168769,2024-03-22,Colombia,Spain,False,1,0,A,2.37,86,1.46,0.67,51.61,12.52,4.4,3.65,2.45,83,2.58,0.63,72.2,17.23,5.99,6.64,0,0,0,0,1977.0,2178.0,-201.0
1146306,2024-06-24,Colombia,Paraguay,True,2,1,A,2.64,90,2.17,0.7,52.08,13.0,4.78,2.88,1.12,76,0.46,0.91,45.52,12.4,3.18,4.38,7,4,2,1,1977.0,1775.0,202.0
1227538,2024-07-11,Colombia,Uruguay,False,1,0,A,2.57,94,2.48,0.6,54.51,12.38,4.82,3.45,2.09,93,1.93,0.47,48.58,12.04,4.2,4.46,6,0,4,2,1977.0,1948.0,29.0
1100284,2024-11-16,Colombia,Uruguay,False,2,3,B,2.08,100,1.94,0.63,56.22,14.45,5.8,5.0,1.24,100,0.93,0.55,54.61,10.74,3.38,4.86,7,1,4,2,1977.0,1948.0,29.0
1100289,2024-11-19,Colombia,Ecuador,True,0,1,B,1.81,101,1.95,0.94,56.05,13.84,5.56,4.46,1.67,96,1.23,0.51,56.49,13.73,5.5,5.52,7,4,2,1,1977.0,1909.0,68.0
1100300,2025-03-26,Colombia,Paraguay,True,2,2,Draw,1.37,103,1.6,1.08,56.38,14.63,5.38,4.19,1.66,86,1.03,0.98,38.93,11.48,3.69,4.04,8,5,2,1,1998.0,1833.0,165.0
1469291,2025-11-16,Colombia,New Zealand,True,2,1,A,1.73,110,2.09,0.89,56.2,11.72,4.83,3.46,1.34,60,2.04,0.99,46.06,9.17,3.93,3.47,0,0,0,0,1998.0,1585.0,413.0
1512757,2026-03-26,Colombia,Croatia,True,1,2,B,2.04,112,2.2,0.79,58.38,13.45,5.61,3.8,2.32,112,2.44,0.82,63.7,18.93,6.94,7.5,0,0,0,0,2009.0,1881.0,128.0
1514465,2026-03-29,Colombia,France,True,1,3,B,1.78,113,2.04,0.95,57.15,12.08,5.0,3.3,2.39,115,2.36,0.93,62.1,18.42,6.54,6.39,1,1,0,0,2009.0,2143.0,-134.0
256708,2015-11-12,Ecuador,Uruguay,True,2,1,A,3.0,2,2.0,0.0,49.18,10.21,6.74,10.28,3.0,2,2.53,0.0,40.98,10.53,6.0,3.47,0,0,0,0,1914.0,1946.0,-32.0
256718,2016-03-24,Ecuador,Paraguay,True,2,2,Draw,3.0,4,2.3,0.57,52.23,10.96,6.66,7.46,1.74,4,0.81,0.57,50.99,9.48,3.91,4.5,0,0,0,0,1849.0,1701.0,148.0
256748,2016-11-10,Ecuador,Uruguay,False,1,2,B,1.45,10,1.77,1.56,52.98,11.16,5.85,6.39,1.94,10,2.15,0.76,47.79,8.94,5.83,3.99,1,1,0,0,1849.0,1914.0,-65.0
256758,2017-03-23,Ecuador,Paraguay,False,1,2,B,1.5,12,1.86,1.37,53.14,11.88,5.95,6.8,1.03,12,0.82,1.63,44.39,7.13,3.19,3.34,1,0,1,0,1746.0,1752.0,-6.0
83264,2019-06-16,Ecuador,Uruguay,False,0,4,B,1.08,28,1.25,1.32,47.08,9.37,3.94,6.41,1.88,34,2.11,0.84,45.88,8.17,4.25,3.73,2,1,0,1,1725.0,1965.0,-240.0
293585,2020-10-13,Ecuador,Uruguay,True,4,2,A,1.08,37,1.13,1.46,45.48,7.39,1.87,3.16,2.06,45,1.72,0.92,50.06,11.3,4.0,5.06,3,1,0,2,1825.0,1952.0,-127.0
293620,2021-09-02,Ecuador,Paraguay,True,2,0,A,1.01,48,1.39,1.73,53.31,11.14,3.87,7.4,1.2,46,1.25,1.22,51.42,11.62,4.25,4.78,2,0,1,1,1848.0,1729.0,119.0
293621,2021-09-09,Ecuador,Uruguay,False,0,1,B,1.24,50,1.27,1.31,54.82,11.24,3.65,7.33,1.72,57,1.41,0.85,49.32,12.12,4.32,4.63,4,2,0,2,1848.0,1847.0,1.0
293660,2022-03-24,Ecuador,Paraguay,False,1,3,B,1.51,60,1.28,0.93,49.13,11.32,3.56,5.13,0.64,56,0.45,1.61,41.7,8.93,2.47,3.71,3,1,1,1,1841.0,1727.0,114.0
855748,2022-11-25,Ecuador,Netherlands,False,1,1,Draw,1.62,69,0.85,0.44,54.57,10.38,3.53,5.95,2.55,63,2.34,0.78,57.9,14.39,5.04,5.2,0,0,0,0,1841.0,2073.0,-232.0
1100240,2023-09-12,Ecuador,Uruguay,True,2,1,A,1.7,77,1.32,0.92,53.17,9.54,4.01,4.46,2.23,80,1.92,0.7,49.48,11.03,4.21,3.47,5,2,0,3,1882.0,2006.0,-124.0
1100274,2024-10-10,Ecuador,Paraguay,True,0,0,Draw,1.63,93,1.08,0.77,50.95,11.43,3.91,4.53,1.06,81,0.62,1.14,42.87,11.67,3.43,3.8,4,1,1,2,1909.0,1775.0,134.0
1100278,2024-10-15,Ecuador,Uruguay,False,0,0,Draw,1.55,94,0.94,0.67,54.44,11.91,4.06,4.46,1.28,99,1.07,0.63,54.37,10.7,3.27,4.66,6,3,0,3,1909.0,1948.0,-39.0
1100316,2025-09-04,Ecuador,Paraguay,False,0,0,Draw,1.66,101,0.86,0.34,52.58,11.26,4.24,3.96,1.53,89,1.1,0.97,36.13,11.64,3.72,4.01,5,1,2,2,1933.0,1833.0,100.0
1469294,2025-11-19,Ecuador,New Zealand,True,2,0,A,1.5,106,0.73,0.38,52.93,9.09,3.49,3.44,1.16,61,1.91,1.12,43.82,9.35,3.72,4.25,0,0,0,0,1933.0,1585.0,348.0
1503007,2026-03-31,Ecuador,Netherlands,False,1,1,Draw,1.6,108,0.91,0.42,54.33,10.64,3.81,3.64,2.26,104,2.8,0.81,60.87,15.77,5.92,6.09,1,0,1,0,1871.0,1971.0,-100.0
256732,2016-09-06,Paraguay,Uruguay,False,0,4,B,1.75,7,1.46,1.15,47.34,8.58,3.82,4.79,1.7,7,1.52,0.76,46.51,7.82,5.47,3.72,0,0,0,0,1701.0,1914.0,-213.0
256776,2017-09-06,Paraguay,Uruguay,True,1,2,B,1.41,15,1.17,1.49,40.19,6.77,3.1,3.37,1.23,15,1.43,1.41,39.87,10.23,4.44,3.82,1,0,0,1,1752.0,1866.0,-114.0
293606,2021-06-03,Paraguay,Uruguay,False,0,0,Draw,1.31,39,1.17,1.12,55.68,10.89,3.77,4.26,1.7,48,1.67,1.26,45.81,8.16,2.84,3.83,2,0,0,2,1729.0,1847.0,-118.0
312568,2021-06-29,Paraguay,Uruguay,False,0,1,B,1.41,44,1.14,0.94,52.91,12.55,4.23,5.43,1.51,53,1.2,0.84,51.37,11.2,3.26,4.3,3,0,1,2,1729.0,1847.0,-118.0
293647,2022-01-27,Paraguay,Uruguay,True,0,1,B,0.85,54,0.6,1.3,44.26,9.61,2.63,4.0,1.02,63,0.77,1.52,46.04,12.69,3.92,3.79,4,0,1,3,1727.0,1904.0,-177.0
1100264,2024-09-06,Paraguay,Uruguay,False,0,0,Draw,0.74,79,0.65,1.51,47.25,13.33,4.0,4.42,1.62,96,1.62,0.76,50.32,11.91,4.04,4.63,5,0,1,4,1775.0,1948.0,-173.0
1100304,2025-06-05,Paraguay,Uruguay,True,2,0,A,1.57,87,1.16,1.11,38.94,12.8,4.01,4.04,1.2,104,0.89,0.7,49.14,9.85,2.74,4.3,6,0,2,4,1833.0,1890.0,-57.0
667826,2018-03-23,Uruguay,Czechia,True,2,0,A,1.64,18,1.68,1.28,45.09,12.03,5.12,4.25,1.67,10,2.05,0.98,56.86,17.89,6.92,7.14,0,0,0,0,1921.0,1728.0,193.0
135762,2018-06-30,Uruguay,Portugal,True,2,1,A,2.44,24,1.79,0.53,49.38,13.29,4.93,4.11,1.98,18,1.9,0.92,57.15,13.24,5.06,5.54,0,0,0,0,1921.0,1958.0,-37.0
135769,2018-07-06,Uruguay,France,True,0,2,B,2.52,25,1.82,0.59,46.43,11.88,4.61,3.75,2.31,19,1.92,0.99,56.84,12.78,5.4,4.53,0,0,0,0,1921.0,2092.0,-171.0
225577,2018-11-20,Uruguay,France,False,0,1,B,1.49,30,1.69,1.32,44.07,10.85,4.73,4.11,2.03,27,1.63,1.11,50.38,10.31,4.61,3.88,1,0,0,1,1921.0,2092.0,-171.0
855759,2022-11-28,Uruguay,Portugal,False,0,2,B,1.8,73,1.41,0.52,48.51,11.42,3.47,4.26,2.1,69,2.32,0.72,54.87,13.45,5.45,5.63,1,1,0,0,1904.0,1998.0,-94.0
1502470,2026-03-27,Uruguay,England,False,1,1,Draw,1.5,112,1.01,1.08,54.28,9.77,2.88,5.01,2.62,114,2.61,0.34,69.43,16.95,6.62,6.78,0,0,0,0,1841.0,2076.0,-235.0
1012347,2023-06-16,New Zealand,Sweden,False,1,4,B,1.47,35,1.31,0.77,60.35,12.04,3.2,6.31,1.8,77,1.79,1.18,47.97,12.03,4.49,5.16,0,0,0,0,1525.0,1691.0,-166.0
1352746,2025-10-14,New Zealand,Norway,False,1,1,Draw,1.39,59,2.2,0.99,49.73,9.23,3.58,3.62,2.59,86,3.76,0.71,56.89,17.99,6.81,5.59,0,0,0,0,1585.0,1922.0,-337.0
1525492,2026-06-06,New Zealand,England,False,0,1,B,1.01,65,1.55,1.64,42.58,10.08,3.28,4.94,2.1,116,2.09,0.5,67.76,16.77,6.1,7.35,0,0,0,0,1534.0,2076.0,-542.0
225436,2018-06-02,Austria,Germany,True,2,1,A,2.21,13,1.86,0.64,54.42,12.3,5.05,5.28,2.24,12,3.23,0.67,68.25,17.27,8.05,7.24,0,0,0,0,1765.0,1937.0,-172.0
225482,2018-09-06,Austria,Sweden,True,2,0,A,1.98,15,1.6,1.04,49.61,11.33,4.98,4.91,1.49,21,1.17,0.77,40.61,9.23,3.59,3.24,0,0,0,0,1765.0,1850.0,-85.0
132539,2018-09-11,Austria,Bosnia and Herzegovina,False,0,1,B,2.13,16,1.66,0.88,48.5,10.99,4.69,4.92,1.84,17,1.5,0.78,52.56,10.46,5.21,4.77,0,0,0,0,1765.0,1795.0,-30.0
132548,2018-11-15,Austria,Bosnia and Herzegovina,True,0,0,Draw,1.71,19,1.17,0.95,50.46,9.38,3.58,5.55,2.02,20,1.34,0.5,49.62,8.76,4.19,4.41,1,0,0,1,1765.0,1795.0,-30.0
332477,2020-09-04,Austria,Norway,False,2,1,A,1.93,31,1.62,0.8,59.02,16.61,5.53,6.46,2.0,30,1.87,0.85,55.46,12.29,4.54,6.9,0,0,0,0,1786.0,1763.0,23.0
332515,2020-11-18,Austria,Norway,True,1,1,Draw,2.4,38,1.79,0.76,60.03,14.53,4.75,6.57,1.72,36,1.84,1.14,52.69,12.06,5.12,6.22,1,1,0,0,1786.0,1763.0,23.0
650923,2021-03-25,Austria,Scotland,False,2,2,Draw,2.22,39,1.68,0.79,61.27,15.54,4.94,6.79,1.41,38,1.03,1.0,47.21,12.76,4.09,5.76,0,0,0,0,1730.0,1728.0,2.0
673769,2021-06-02,Austria,England,False,0,1,B,1.9,42,1.65,1.35,60.74,14.85,4.62,5.84,2.37,48,2.53,0.56,64.45,15.26,6.4,5.86,0,0,0,0,1730.0,2031.0,-301.0
657691,2021-06-17,Austria,Netherlands,False,0,2,B,1.75,45,1.47,1.12,59.02,13.0,4.7,5.65,2.11,44,2.52,1.07,63.45,18.53,7.6,7.74,0,0,0,0,1730.0,1929.0,-199.0
651034,2021-09-07,Austria,Scotland,True,0,1,B,1.47,50,1.4,1.55,58.01,14.15,4.41,4.96,1.3,48,0.97,1.15,46.06,12.05,3.91,5.37,1,0,1,0,1730.0,1728.0,2.0
852621,2022-03-29,Austria,Scotland,True,2,2,Draw,1.5,56,1.73,1.39,60.78,16.12,5.31,5.24,2.0,54,1.35,0.78,48.6,12.94,5.03,6.7,2,0,1,1,1751.0,1751.0,0.0
854579,2022-06-03,Austria,Croatia,False,3,0,A,1.43,57,1.77,1.47,60.81,16.76,6.19,6.0,2.01,65,2.1,0.96,61.58,16.7,7.03,5.71,0,0,0,0,1751.0,1950.0,-199.0
854595,2022-06-10,Austria,France,True,1,1,Draw,1.42,59,1.81,1.37,57.56,16.48,5.71,5.77,2.06,67,2.43,0.89,55.33,15.11,7.0,4.75,0,0,0,0,1751.0,2081.0,-330.0
854610,2022-09-22,Austria,France,False,0,2,B,1.19,61,1.48,1.41,53.37,14.07,4.92,5.22,1.67,69,1.95,0.91,56.57,15.36,6.58,5.7,1,0,1,0,1751.0,2081.0,-330.0
854617,2022-09-25,Austria,Croatia,True,1,3,B,1.03,62,1.29,1.49,51.62,12.76,4.27,4.67,2.11,70,1.6,0.92,55.19,12.61,5.08,4.81,1,1,0,0,1751.0,1950.0,-199.0
980522,2023-06-17,Austria,Belgium,False,1,1,Draw,1.8,67,1.71,1.21,54.5,16.65,6.08,4.75,1.83,76,1.69,1.04,58.21,12.11,4.37,5.47,0,0,0,0,1835.0,1990.0,-155.0
980541,2023-06-20,Austria,Sweden,True,2,0,A,1.69,68,1.62,1.18,53.13,15.78,5.55,4.53,1.96,78,2.08,1.15,48.24,12.56,4.69,5.4,1,1,0,0,1835.0,1691.0,144.0
980590,2023-09-12,Austria,Sweden,False,3,1,A,1.75,70,1.58,1.02,56.97,16.66,6.05,4.89,1.87,80,2.22,1.1,49.42,12.42,5.2,5.71,2,2,0,0,1835.0,1691.0,144.0
980605,2023-10-13,Austria,Belgium,True,2,3,B,1.91,71,1.77,1.02,56.45,16.06,6.04,4.77,2.16,80,2.11,0.68,60.72,14.35,5.32,7.3,1,0,1,0,1835.0,1990.0,-155.0
1117888,2023-11-21,Austria,Germany,True,2,0,A,1.99,74,1.73,0.97,57.05,15.7,5.33,5.14,1.25,79,1.89,1.88,62.62,13.87,5.07,5.02,1,1,0,0,1835.0,1885.0,-50.0
1172362,2024-03-26,Austria,Türkiye,True,6,1,A,2.24,76,1.8,0.73,55.05,14.86,5.47,4.9,1.75,78,1.8,1.23,56.93,15.03,6.22,5.5,0,0,0,0,1871.0,1774.0,97.0
1173869,2024-06-08,Austria,Switzerland,False,1,1,Draw,2.42,78,2.3,0.8,54.78,13.37,5.55,4.29,1.74,87,1.73,0.88,62.88,13.71,5.1,5.43,0,0,0,0,1871.0,1813.0,58.0
1145515,2024-06-17,Austria,France,True,0,1,B,2.24,79,2.13,0.82,53.11,13.06,5.22,4.25,2.06,92,2.65,0.87,57.15,17.28,6.45,5.54,2,0,1,1,1871.0,2055.0,-184.0
1145533,2024-06-25,Austria,Netherlands,False,3,2,A,2.08,81,2.0,0.87,52.97,12.51,5.46,4.29,2.15,83,2.3,0.69,54.79,15.63,5.92,5.14,1,0,0,1,1871.0,1938.0,-67.0
1215078,2024-07-02,Austria,Türkiye,True,1,2,B,2.2,82,2.13,1.01,52.33,12.06,5.4,3.99,1.52,84,1.49,1.66,55.3,15.67,5.41,5.99,1,1,0,0,1871.0,1774.0,97.0
1172899,2024-09-09,Austria,Norway,False,1,2,B,1.8,84,1.86,1.12,54.58,12.93,5.17,5.06,1.4,74,1.65,1.14,58.17,13.86,4.84,6.51,2,1,1,0,1871.0,1806.0,65.0
1172918,2024-10-13,Austria,Norway,True,5,1,A,1.75,86,2.04,1.08,56.23,14.58,5.29,5.76,1.79,76,1.86,0.97,55.89,14.29,5.94,6.01,3,1,1,1,1871.0,1806.0,65.0
1323307,2025-09-09,Austria,Bosnia and Herzegovina,False,2,1,A,2.05,94,1.95,0.81,63.03,16.27,6.41,5.02,1.4,85,1.56,1.55,49.0,12.04,4.39,3.84,2,0,1,1,1818.0,1572.0,246.0
1323371,2025-11-18,Austria,Bosnia and Herzegovina,True,1,1,Draw,2.12,98,2.53,0.66,62.36,14.62,6.37,4.28,1.63,89,2.02,1.5,48.29,13.32,4.38,3.92,3,1,1,1,1818.0,1572.0,246.0
256437,2016-10-07,Belgium,Bosnia and Herzegovina,True,4,0,A,3.0,1,3.0,0.0,,,,8.0,3.0,1,5.0,0.0,58.0,18.0,12.0,5.0,0,0,0,0,1904.0,1755.0,149.0
256631,2017-10-07,Belgium,Bosnia and Herzegovina,False,4,3,A,2.75,8,4.34,0.43,68.8,19.95,9.56,8.41,1.73,8,2.42,0.95,59.46,15.03,7.21,7.1,1,1,0,0,1926.0,1723.0,203.0
225439,2018-06-02,Belgium,Portugal,True,0,0,Draw,2.86,11,4.19,0.62,63.52,20.16,10.16,8.44,2.2,13,2.28,1.0,63.23,15.7,6.89,6.56,0,0,0,0,2034.0,1958.0,76.0
135823,2018-06-28,Belgium,England,False,1,0,A,2.77,16,3.67,0.67,59.65,17.94,9.21,7.83,2.71,16,2.35,0.57,62.16,12.89,6.46,6.78,0,0,0,0,2034.0,1959.0,75.0
135773,2018-07-10,Belgium,France,False,0,1,B,2.85,19,3.07,0.81,56.17,16.98,7.6,6.94,2.4,20,1.93,0.85,57.56,12.54,4.93,4.31,0,0,0,0,2034.0,2092.0,-58.0
135775,2018-07-14,Belgium,England,True,2,0,A,2.46,20,2.65,0.84,57.28,15.85,6.94,6.67,1.94,20,1.77,0.78,56.85,12.67,4.43,6.35,1,1,0,0,2034.0,1959.0,75.0
225487,2018-09-07,Belgium,Scotland,False,4,0,A,2.53,21,2.56,0.72,55.14,15.31,6.53,6.3,1.31,14,0.96,1.05,50.35,14.4,5.47,5.95,0,0,0,0,2034.0,1720.0,314.0
132517,2018-10-12,Belgium,Switzerland,True,2,1,A,2.65,23,2.79,0.54,58.22,14.42,6.24,6.28,1.72,22,1.97,0.74,57.82,13.42,4.24,5.3,0,0,0,0,2034.0,1921.0,113.0
225542,2018-10-16,Belgium,Netherlands,True,1,1,Draw,2.7,24,2.68,0.6,56.96,14.37,6.34,6.11,1.81,17,1.85,0.96,53.44,12.4,5.6,4.1,0,0,0,0,2034.0,1985.0,49.0
132529,2018-11-18,Belgium,Switzerland,False,2,5,B,2.54,26,2.4,0.57,57.82,13.4,6.02,6.46,1.46,25,1.61,0.93,57.18,12.44,4.43,4.85,1,1,0,0,2034.0,1921.0,113.0
132855,2019-06-11,Belgium,Scotland,True,3,0,A,2.48,30,2.46,0.86,58.77,15.11,6.9,7.07,1.75,23,1.56,1.39,53.22,12.44,4.64,6.12,1,1,0,0,2083.0,1639.0,444.0
132899,2019-09-09,Belgium,Scotland,False,4,0,A,2.61,32,2.72,0.65,63.11,18.08,7.91,8.51,1.31,25,1.3,1.66,48.91,11.6,4.36,5.33,2,2,0,0,2083.0,1639.0,444.0
332443,2020-10-11,Belgium,England,False,1,2,B,2.61,40,3.43,0.61,62.49,17.83,8.63,7.12,2.28,40,2.79,0.53,61.56,12.37,6.13,5.03,2,2,0,0,2110.0,1961.0,149.0
598350,2020-11-11,Belgium,Switzerland,True,2,1,A,2.37,42,2.97,0.82,62.22,15.69,6.83,6.83,1.18,41,1.75,1.35,53.32,16.19,5.68,5.36,2,1,0,1,2110.0,1870.0,240.0
332457,2020-11-15,Belgium,England,True,2,0,A,2.45,43,2.84,0.85,62.22,15.69,6.83,6.83,2.19,43,2.42,0.56,56.92,12.32,5.58,5.13,3,2,0,1,2110.0,1961.0,149.0
650937,2021-03-27,Belgium,Czechia,False,1,1,Draw,2.64,46,2.91,0.91,60.55,13.23,5.72,5.76,1.96,39,1.96,1.09,57.08,15.04,5.4,6.27,0,0,0,0,2074.0,1833.0,241.0
654819,2021-06-06,Belgium,Croatia,True,1,0,A,2.3,49,3.05,0.83,60.8,12.56,6.3,5.07,1.44,51,1.61,1.37,59.49,12.96,4.37,5.3,0,0,0,0,2074.0,1858.0,216.0
713473,2021-06-27,Belgium,Portugal,True,1,0,A,2.6,53,2.61,0.59,59.59,11.69,5.67,5.06,1.86,51,2.3,1.11,54.22,14.29,6.25,5.9,1,0,1,0,2074.0,1972.0,102.0
651026,2021-09-05,Belgium,Czechia,True,3,0,A,2.4,56,2.58,0.87,58.11,12.71,5.45,5.54,1.65,49,1.34,0.99,52.38,13.88,4.45,6.62,1,0,1,0,2074.0,1833.0,241.0
649941,2021-10-07,Belgium,France,True,2,3,B,2.54,58,2.42,0.66,59.78,13.0,5.45,5.15,1.96,59,1.82,0.88,57.38,15.06,5.26,5.83,1,0,0,1,2074.0,2114.0,-40.0
854581,2022-06-03,Belgium,Netherlands,True,1,4,B,1.96,64,2.23,1.04,63.82,12.98,5.44,5.35,2.2,56,2.67,0.9,62.78,16.5,6.31,6.01,1,0,1,0,1947.0,2073.0,-126.0
854619,2022-09-25,Belgium,Netherlands,False,0,1,B,2.06,69,2.17,1.13,64.56,13.63,5.36,5.66,2.41,61,2.59,1.03,60.69,15.42,5.42,5.06,2,0,1,1,1947.0,2073.0,-126.0
855766,2022-12-01,Belgium,Croatia,False,0,0,Draw,1.52,73,1.45,1.19,62.5,12.22,4.56,5.58,2.27,74,1.79,0.74,55.57,10.96,5.06,4.59,1,1,0,0,1947.0,1950.0,-3.0
980468,2023-03-24,Belgium,Sweden,False,3,0,A,1.45,74,1.27,1.04,60.96,12.78,4.33,5.35,1.86,75,1.5,1.11,49.63,11.97,4.3,5.21,0,0,0,0,1990.0,1691.0,299.0
1012344,2023-03-28,Belgium,Germany,False,3,2,A,1.65,75,1.49,0.9,60.24,12.96,4.43,5.88,1.87,70,2.2,1.12,64.97,17.92,6.78,6.51,0,0,0,0,1990.0,1885.0,105.0
980629,2023-10-16,Belgium,Sweden,True,1,1,Draw,2.27,81,2.23,0.85,58.17,13.49,5.28,6.71,1.81,82,2.18,1.3,52.11,12.89,5.03,5.52,1,1,0,0,1990.0,1691.0,299.0
1155276,2024-03-26,Belgium,England,False,2,2,Draw,2.15,85,2.02,0.58,60.78,12.94,5.01,5.99,1.98,88,2.01,0.7,62.48,12.54,4.68,5.23,4,3,0,1,1851.0,2006.0,-155.0
1215073,2024-07-01,Belgium,France,False,0,1,B,1.95,91,1.64,0.48,60.05,15.29,5.92,6.47,1.9,95,1.97,0.7,57.02,16.92,5.92,5.95,2,0,0,2,1851.0,2055.0,-204.0
1172951,2024-09-09,Belgium,France,False,0,2,B,1.86,93,1.63,0.6,58.85,15.39,5.75,6.03,1.44,99,1.46,1.02,53.08,15.87,4.78,5.17,3,0,0,3,1851.0,2055.0,-204.0
1172963,2024-10-14,Belgium,France,True,1,2,B,1.54,95,1.49,0.94,58.59,14.22,5.32,6.92,1.82,101,1.85,0.9,54.33,16.79,5.29,5.65,4,0,0,4,1851.0,2055.0,-204.0
1512766,2026-06-02,Belgium,Croatia,False,2,0,A,1.91,110,2.94,1.04,61.84,17.86,6.99,8.17,2.09,114,2.2,1.13,62.05,17.12,6.17,6.78,2,1,1,0,1961.0,1881.0,80.0
225514,2018-10-11,Bosnia and Herzegovina,Türkiye,False,0,0,Draw,2.01,18,1.43,0.67,50.85,8.54,4.26,4.6,1.59,17,1.65,1.5,56.66,8.17,4.45,4.26,0,0,0,0,1795.0,1690.0,105.0
225561,2018-11-18,Bosnia and Herzegovina,Spain,False,0,1,B,1.88,21,1.15,0.43,48.61,9.34,4.16,4.52,1.77,23,2.69,1.38,66.85,13.84,6.51,5.95,0,0,0,0,1795.0,2011.0,-216.0
332441,2020-10-11,Bosnia and Herzegovina,Netherlands,True,0,0,Draw,1.15,35,1.51,1.37,52.16,15.02,5.29,5.58,1.72,33,1.74,0.76,60.3,15.48,6.49,5.07,0,0,0,0,1634.0,1994.0,-360.0
332464,2020-11-15,Bosnia and Herzegovina,Netherlands,False,1,3,B,0.85,38,0.99,1.5,47.41,12.63,4.35,4.82,1.47,36,1.38,0.75,59.31,15.21,5.67,5.89,1,0,1,0,1634.0,1994.0,-360.0
650970,2021-03-31,Bosnia and Herzegovina,France,True,0,1,B,0.73,42,0.88,1.54,46.51,12.66,4.05,4.49,2.31,49,2.05,0.81,57.7,13.96,5.84,6.45,0,0,0,0,1600.0,2114.0,-514.0
650983,2021-09-01,Bosnia and Herzegovina,France,False,1,1,Draw,0.59,45,0.58,1.37,45.95,11.27,3.72,4.41,2.06,56,2.05,1.02,55.89,14.81,5.66,5.97,1,0,0,1,1600.0,2114.0,-514.0
980524,2023-06-17,Bosnia and Herzegovina,Portugal,False,0,3,B,1.43,63,1.15,1.29,50.5,11.95,4.18,5.71,2.09,75,2.96,0.64,60.9,16.04,6.36,6.15,0,0,0,0,1485.0,2032.0,-547.0
980631,2023-10-16,Bosnia and Herzegovina,Portugal,True,0,5,B,1.4,68,1.03,1.25,57.93,13.83,5.15,6.41,2.55,80,3.29,0.58,61.57,16.6,7.18,6.77,1,0,0,1,1485.0,2032.0,-547.0
1170219,2024-06-03,Bosnia and Herzegovina,England,False,0,3,B,0.8,72,0.93,2.02,49.58,10.33,3.69,4.52,1.85,89,2.01,0.87,62.55,13.38,4.98,5.33,0,0,0,0,1485.0,2006.0,-521.0
1172946,2024-09-07,Bosnia and Herzegovina,Netherlands,False,2,5,B,0.61,74,0.7,2.0,45.38,8.94,3.17,4.03,1.86,87,2.14,1.02,54.37,14.31,4.86,5.38,2,0,1,1,1485.0,1938.0,-453.0
1172957,2024-10-11,Bosnia and Herzegovina,Germany,True,1,2,B,0.59,76,0.76,2.08,41.66,8.11,2.99,3.28,1.8,91,2.17,1.08,61.08,18.05,6.12,6.92,0,0,0,0,1485.0,1971.0,-486.0
1172977,2024-11-16,Bosnia and Herzegovina,Germany,False,0,7,B,0.45,78,0.69,2.06,43.18,8.61,2.77,3.34,2.09,93,2.0,0.93,60.85,16.71,5.74,5.98,1,0,0,1,1485.0,1971.0,-486.0
1172985,2024-11-19,Bosnia and Herzegovina,Netherlands,True,1,1,Draw,0.39,79,0.6,2.7,41.05,8.4,2.8,2.9,1.73,92,2.23,1.04,58.52,14.93,5.37,5.51,3,0,1,2,1485.0,1938.0,-453.0
1539005,2026-06-18,Bosnia and Herzegovina,Switzerland,False,1,4,B,1.27,95,1.34,1.12,48.67,13.83,4.48,4.1,1.6,114,1.93,1.05,60.19,13.26,5.04,5.28,0,0,0,0,1605.0,1943.0,-338.0
256609,2017-09-05,Croatia,Türkiye,False,0,1,B,2.27,7,1.48,0.27,59.84,10.24,3.06,5.87,1.63,7,1.62,1.14,53.44,7.39,3.67,3.02,1,0,1,0,1855.0,1711.0,144.0
135774,2018-07-11,Croatia,England,True,2,1,A,1.91,21,1.58,0.88,54.25,13.23,3.49,5.49,2.26,19,1.89,0.59,58.75,12.94,4.82,6.72,0,0,0,0,1923.0,1959.0,-36.0
135776,2018-07-15,Croatia,France,False,2,4,B,2.06,22,1.64,0.9,54.36,14.48,3.99,5.85,2.48,21,1.8,0.73,54.6,13.43,4.94,4.27,0,0,0,0,1923.0,2092.0,-169.0
225484,2018-09-06,Croatia,Portugal,False,1,1,Draw,1.78,23,1.69,1.32,56.01,14.41,3.99,5.87,1.7,19,1.78,1.07,58.69,14.19,5.06,6.17,0,0,0,0,1923.0,1958.0,-35.0
132515,2018-09-11,Croatia,Spain,False,0,6,B,1.67,24,1.59,1.28,55.03,12.96,3.85,5.61,2.14,19,2.23,0.93,67.18,14.88,5.75,5.38,0,0,0,0,1923.0,2011.0,-88.0
132518,2018-10-12,Croatia,England,True,0,0,Draw,1.45,25,1.38,1.91,51.7,11.72,3.6,4.84,1.66,23,1.39,0.95,54.13,11.86,4.73,5.48,1,1,0,0,1923.0,1959.0,-36.0
132525,2018-11-15,Croatia,Spain,True,3,2,A,1.6,27,1.3,1.57,50.37,10.93,3.52,4.45,2.04,22,2.8,1.12,66.83,14.8,6.75,6.44,1,0,0,1,1923.0,2011.0,-88.0
132528,2018-11-18,Croatia,England,False,1,2,B,1.79,28,1.53,1.63,47.71,10.64,3.9,4.53,1.93,26,1.65,0.85,54.07,10.14,4.81,4.36,2,1,1,0,1923.0,1959.0,-36.0
332431,2020-09-05,Croatia,Portugal,False,1,4,B,2.0,39,1.92,1.11,58.84,15.29,5.64,6.98,2.26,35,2.57,0.72,58.73,18.48,7.28,7.77,1,0,1,0,1859.0,2038.0,-179.0
332439,2020-09-08,Croatia,France,False,2,4,B,1.74,40,1.8,1.49,56.44,13.73,5.09,6.53,2.54,40,1.94,0.53,63.95,14.42,5.61,6.29,1,0,0,1,1859.0,2091.0,-232.0
598337,2020-10-07,Croatia,Switzerland,False,2,1,A,1.51,41,1.83,1.82,56.52,13.32,4.93,6.3,1.6,38,1.92,0.98,58.6,18.99,6.04,6.46,0,0,0,0,1859.0,1870.0,-11.0
332445,2020-10-11,Croatia,Sweden,True,2,1,A,1.71,42,1.85,1.71,56.52,13.32,4.93,6.3,1.89,42,1.43,0.8,46.76,11.64,4.57,5.03,0,0,0,0,1859.0,1820.0,39.0
332453,2020-10-14,Croatia,France,True,1,2,B,1.87,43,1.87,1.62,56.11,13.27,5.11,6.58,2.44,43,2.46,0.66,59.42,13.61,5.27,5.37,2,0,0,2,1859.0,2091.0,-232.0
598349,2020-11-11,Croatia,Türkiye,False,3,3,Draw,1.63,44,1.76,1.67,55.46,12.75,4.93,5.85,1.45,38,1.41,0.97,59.63,13.53,4.94,3.93,2,0,1,1,1859.0,1752.0,107.0
332460,2020-11-14,Croatia,Sweden,False,1,2,B,1.55,45,1.92,1.84,55.46,12.75,4.93,5.85,1.24,45,1.04,1.33,47.36,11.37,4.08,5.4,1,1,0,0,1859.0,1820.0,39.0
332467,2020-11-17,Croatia,Portugal,True,2,3,B,1.35,46,1.8,1.86,55.55,11.76,4.6,5.53,2.01,42,2.41,0.46,55.95,18.12,6.78,7.31,2,0,1,1,1859.0,2038.0,-179.0
657678,2021-06-13,Croatia,England,False,0,1,B,1.25,52,1.4,1.32,57.67,11.8,4.17,5.26,2.52,50,2.16,0.42,61.85,14.21,6.04,5.36,3,1,1,1,1858.0,2031.0,-173.0
657693,2021-06-18,Croatia,Czechia,True,1,1,Draw,1.09,53,1.22,1.28,56.57,11.26,3.86,4.65,1.78,44,1.65,1.21,50.31,12.44,5.04,5.63,0,0,0,0,1858.0,1833.0,25.0
657704,2021-06-22,Croatia,Scotland,True,3,1,A,1.08,54,1.19,1.24,55.5,11.22,3.59,4.55,1.39,45,1.13,0.95,47.68,12.71,3.74,4.81,0,0,0,0,1858.0,1728.0,130.0
713472,2021-06-28,Croatia,Spain,True,3,5,B,1.33,55,1.43,1.21,56.97,11.19,3.93,4.62,1.96,50,2.25,0.46,73.18,16.24,6.31,6.83,2,1,0,1,1858.0,2036.0,-178.0
854588,2022-06-06,Croatia,France,True,1,1,Draw,1.75,66,1.83,1.23,61.48,16.16,6.44,5.9,2.22,66,2.64,0.87,56.05,16.47,7.34,4.54,3,0,0,3,1950.0,2081.0,-131.0
854604,2022-06-13,Croatia,France,False,1,0,A,1.83,68,1.62,1.04,58.13,14.13,5.63,5.25,1.92,68,2.24,0.9,56.98,15.09,7.0,5.49,4,0,1,3,1950.0,2081.0,-131.0
980497,2023-03-28,Croatia,Türkiye,False,2,0,A,1.68,80,1.29,1.02,56.4,12.54,4.52,4.73,2.13,68,2.26,1.27,58.89,16.85,7.1,5.47,3,0,2,1,1951.0,1765.0,186.0
1030270,2023-06-14,Croatia,Netherlands,False,4,2,A,1.85,81,1.39,0.89,56.08,12.07,4.58,4.37,2.14,69,2.07,1.14,60.04,16.79,5.39,6.28,0,0,0,0,1951.0,1970.0,-19.0
1035174,2023-06-18,Croatia,Spain,True,0,0,Draw,2.0,82,1.73,1.03,55.8,12.32,4.64,4.85,1.84,76,1.8,0.86,71.58,12.69,4.88,5.23,3,1,0,2,1951.0,2033.0,-82.0
980596,2023-10-12,Croatia,Türkiye,True,0,1,B,2.14,85,1.83,0.68,58.64,15.87,6.18,5.55,1.73,73,1.95,1.58,60.9,16.67,6.94,5.53,4,1,2,1,1951.0,1765.0,186.0
1168422,2024-06-08,Croatia,Portugal,False,2,1,A,2.12,92,1.83,0.67,62.65,15.0,5.9,6.03,2.46,86,3.08,0.93,65.99,17.44,7.22,6.57,3,0,1,2,1886.0,1993.0,-107.0
1145511,2024-06-15,Croatia,Spain,False,0,3,B,2.23,93,1.85,0.71,60.34,15.13,6.04,6.16,2.23,87,2.99,0.87,71.9,17.7,6.65,6.46,4,1,1,2,1886.0,2178.0,-292.0
1172939,2024-09-05,Croatia,Portugal,False,1,2,B,1.71,96,1.58,1.12,58.63,14.8,6.12,4.65,1.85,93,1.82,0.74,65.72,17.54,6.08,8.31,4,1,1,2,1886.0,1993.0,-107.0
1172959,2024-10-12,Croatia,Scotland,True,2,1,A,1.69,98,1.44,1.07,57.83,15.67,5.87,5.35,0.72,82,1.26,2.0,50.84,10.06,2.63,4.41,1,1,0,0,1886.0,1759.0,127.0
1172974,2024-11-15,Croatia,Scotland,False,0,1,B,1.75,100,1.7,1.32,56.43,15.73,6.16,4.78,0.68,84,1.07,1.74,47.92,9.15,2.47,3.69,2,2,0,0,1886.0,1759.0,127.0
1172981,2024-11-18,Croatia,Portugal,True,1,1,Draw,1.52,101,1.48,1.27,55.2,15.25,5.88,5.07,2.2,98,2.17,0.76,65.08,17.91,5.78,7.34,5,1,1,3,1886.0,1993.0,-107.0
1316547,2025-03-20,Croatia,France,True,2,0,A,1.45,102,1.42,1.24,53.61,15.21,6.15,5.06,2.0,104,1.81,0.82,55.1,15.93,5.3,5.41,5,1,1,3,1932.0,2062.0,-130.0
1316548,2025-03-23,Croatia,France,False,0,2,B,1.65,103,1.5,1.08,51.58,14.28,5.87,4.79,1.74,105,1.57,0.97,56.0,15.94,5.39,5.88,6,2,1,3,1932.0,2062.0,-130.0
1366277,2025-06-09,Croatia,Czechia,True,5,1,A,1.64,105,2.04,1.04,52.18,15.27,6.14,5.19,2.19,91,1.99,0.87,55.19,15.85,6.52,6.49,1,0,1,0,1932.0,1731.0,201.0
1366297,2025-10-09,Croatia,Czechia,False,0,0,Draw,2.1,108,2.47,0.78,58.49,18.93,7.72,6.25,1.91,94,1.76,1.19,50.05,14.81,6.02,5.64,2,1,1,0,1932.0,1731.0,201.0
1489384,2026-06-17,Croatia,England,False,2,4,B,1.97,116,1.93,1.21,62.13,16.3,5.49,6.48,2.32,118,2.08,0.38,69.96,18.93,6.11,7.9,4,1,1,2,1881.0,2076.0,-195.0
256444,2016-10-08,Czechia,Germany,False,0,3,B,1.0,1,0.0,0.0,57.0,11.0,1.0,6.0,3.0,1,3.0,0.0,69.0,12.0,9.0,4.0,0,0,0,0,1697.0,2037.0,-340.0
256478,2016-11-11,Czechia,Norway,True,2,1,A,0.67,3,0.0,0.99,50.91,9.49,2.19,7.14,1.14,3,1.52,1.58,31.0,3.0,0.0,10.17,0,0,0,0,1697.0,1576.0,121.0
256544,2017-06-10,Czechia,Norway,False,1,1,Draw,1.8,5,2.01,0.74,54.95,10.52,4.33,6.76,0.59,5,1.01,1.78,52.38,6.01,2.35,6.66,1,1,0,0,1712.0,1581.0,131.0
256567,2017-09-01,Czechia,Germany,True,1,2,B,1.62,6,1.78,0.8,53.36,10.63,4.25,5.89,3.0,6,4.84,0.2,71.22,19.87,10.47,10.12,1,0,0,1,1712.0,2108.0,-396.0
132770,2019-03-22,Czechia,England,False,0,5,B,1.7,20,1.24,1.26,46.92,11.12,4.58,5.65,2.07,27,1.7,0.87,55.52,10.12,5.1,4.98,0,0,0,0,1735.0,1955.0,-220.0
132920,2019-10-11,Czechia,England,True,2,1,A,1.68,26,1.59,1.41,48.68,12.45,4.88,5.86,2.14,33,2.63,1.1,58.94,12.54,5.91,5.49,1,0,0,1,1735.0,1955.0,-220.0
332487,2020-09-07,Czechia,Scotland,True,1,2,B,1.75,31,1.7,1.38,53.86,16.53,5.54,6.91,1.59,31,1.75,1.62,50.81,13.37,5.05,6.4,0,0,0,0,1760.0,1659.0,101.0
332497,2020-10-14,Czechia,Scotland,False,0,1,B,1.88,34,1.7,1.35,52.56,15.6,4.61,6.57,1.85,34,1.48,1.16,48.78,12.73,3.71,5.7,1,0,0,1,1760.0,1659.0,101.0
598346,2020-11-11,Czechia,Germany,False,0,1,B,1.63,35,1.48,1.3,55.21,15.66,4.83,7.43,1.82,38,2.63,1.46,63.22,17.0,7.88,6.88,2,0,0,2,1760.0,1955.0,-195.0
657681,2021-06-14,Czechia,Scotland,False,2,0,A,1.6,43,1.59,1.39,51.95,12.91,4.65,5.56,1.66,43,1.5,0.96,47.42,11.96,4.05,4.57,2,0,0,2,1833.0,1728.0,105.0
657705,2021-06-22,Czechia,England,True,0,1,B,1.68,45,1.56,1.18,50.42,12.21,4.4,5.37,2.38,52,1.75,0.32,60.16,12.74,4.86,4.93,2,1,0,1,1833.0,2031.0,-198.0
713471,2021-06-27,Czechia,Netherlands,False,2,0,A,1.46,46,1.36,1.16,49.43,11.41,3.87,5.16,2.33,46,2.52,0.81,60.87,17.78,7.22,6.95,0,0,0,0,1833.0,1929.0,-96.0
813709,2022-03-24,Czechia,Sweden,False,0,1,B,1.9,55,2.07,0.87,54.12,15.16,4.88,5.96,1.65,63,1.35,1.01,43.5,12.37,4.55,6.14,0,0,0,0,1778.0,1757.0,21.0
854577,2022-06-02,Czechia,Switzerland,True,2,1,A,1.57,57,1.7,0.9,52.58,13.48,4.35,5.5,1.64,63,1.85,0.88,56.76,13.86,5.4,7.72,0,0,0,0,1778.0,1878.0,-100.0
854585,2022-06-05,Czechia,Spain,True,2,2,Draw,1.75,58,1.74,0.91,50.34,12.64,4.14,5.12,2.14,63,2.09,0.7,71.78,14.3,5.22,6.15,0,0,0,0,1778.0,1996.0,-218.0
854593,2022-06-09,Czechia,Portugal,False,0,2,B,1.66,59,1.77,1.05,45.79,11.19,3.82,4.8,2.12,63,2.33,0.65,54.5,14.36,5.76,5.76,0,0,0,0,1778.0,1998.0,-220.0
854601,2022-06-12,Czechia,Spain,False,0,2,B,1.44,60,1.54,1.18,44.49,10.87,3.4,4.68,2.13,65,1.93,0.75,71.98,13.1,4.88,5.65,1,0,1,0,1778.0,1996.0,-218.0
854615,2022-09-24,Czechia,Portugal,True,0,4,B,1.25,61,1.34,1.28,41.53,10.31,3.2,4.73,1.94,65,1.99,0.62,55.84,14.72,5.97,6.59,1,0,0,1,1778.0,1998.0,-220.0
854624,2022-09-27,Czechia,Switzerland,False,1,2,B,1.09,62,1.17,1.64,41.88,10.41,3.03,4.91,1.55,68,1.37,1.16,46.64,10.44,4.16,5.77,1,1,0,0,1778.0,1878.0,-100.0
965502,2022-11-19,Czechia,Türkiye,False,1,2,B,1.22,64,1.65,1.47,45.72,11.36,3.84,4.81,1.86,66,2.35,1.35,60.55,18.3,7.66,6.03,0,0,0,0,1778.0,1711.0,67.0
1156210,2024-03-22,Czechia,Norway,False,2,1,A,1.67,75,1.61,0.98,53.01,15.53,4.92,4.79,1.78,69,2.16,1.13,56.39,14.09,5.85,5.45,2,1,1,0,1753.0,1806.0,-53.0
1145517,2024-06-18,Czechia,Portugal,False,1,2,B,2.24,79,2.34,0.99,51.43,15.2,4.93,4.82,2.26,88,2.84,0.93,65.14,17.5,7.09,7.01,2,0,0,2,1753.0,1993.0,-240.0
1145535,2024-06-26,Czechia,Türkiye,True,1,2,B,1.82,81,2.02,1.11,49.54,15.72,5.58,5.17,1.3,83,1.41,1.76,53.4,15.32,5.47,5.84,1,0,0,1,1753.0,1774.0,-21.0
256483,2016-11-11,England,Scotland,True,3,0,A,2.24,3,0.95,0.0,64.92,12.27,6.32,8.29,1.2,3,1.77,1.76,59.55,12.63,5.2,5.94,0,0,0,0,1927.0,1669.0,258.0
256541,2017-06-10,England,Scotland,False,2,2,Draw,2.61,5,1.68,0.0,65.81,11.11,6.01,5.95,1.39,5,1.17,1.58,54.06,12.39,4.91,6.07,1,1,0,0,1932.0,1719.0,213.0
225351,2018-03-23,England,Netherlands,False,1,0,A,2.67,10,1.8,0.33,64.48,16.02,6.55,7.77,2.11,10,2.19,1.16,61.81,16.24,6.43,4.49,0,0,0,0,1959.0,1985.0,-26.0
135771,2018-07-07,England,Sweden,False,2,0,A,2.14,18,1.87,0.69,58.87,13.09,5.28,6.84,1.72,20,1.36,0.57,40.38,9.75,3.68,3.59,0,0,0,0,1959.0,1850.0,109.0
132511,2018-09-08,England,Spain,True,1,2,B,1.68,21,1.52,0.95,57.0,12.99,4.64,6.16,2.01,18,2.27,0.92,68.98,16.1,6.06,6.15,0,0,0,0,1959.0,2011.0,-52.0
225505,2018-09-11,England,Switzerland,True,1,0,A,1.45,22,1.45,1.09,55.1,12.31,4.69,5.87,1.99,21,2.28,0.7,58.74,13.97,4.59,5.03,0,0,0,0,1959.0,1921.0,38.0
132522,2018-10-15,England,Spain,False,3,2,A,1.57,24,1.2,0.82,54.65,10.94,4.37,5.28,2.36,21,2.93,0.83,67.96,13.94,6.21,5.51,1,0,0,1,1959.0,2011.0,-52.0
132507,2019-06-06,England,Netherlands,False,1,3,B,2.3,29,2.52,0.78,59.17,10.7,5.55,4.89,1.66,22,2.09,1.15,54.85,11.46,5.9,5.13,1,1,0,0,1955.0,2017.0,-62.0
157412,2019-06-09,England,Switzerland,False,0,0,Draw,2.0,30,2.32,1.08,57.57,11.0,5.22,4.77,1.5,29,2.02,1.44,57.11,14.09,4.86,5.67,1,1,0,0,1955.0,1897.0,58.0
657694,2021-06-18,England,Scotland,True,0,0,Draw,2.59,51,2.01,0.37,60.19,13.34,5.48,4.75,1.45,44,1.3,1.1,48.99,13.0,4.04,4.78,2,1,1,0,2031.0,1728.0,303.0
713475,2021-06-29,England,Germany,True,2,0,A,2.46,53,1.65,0.28,59.59,11.67,4.6,5.07,1.72,49,2.37,1.48,64.07,14.4,5.97,4.86,0,0,0,0,2031.0,1962.0,69.0
826024,2022-03-26,England,Switzerland,True,2,1,A,2.44,64,3.66,0.32,66.48,14.27,6.43,5.01,2.0,61,2.12,0.69,56.76,14.6,5.66,7.86,2,1,1,0,1966.0,1878.0,88.0
854591,2022-06-07,England,Germany,False,1,1,Draw,2.24,67,2.94,0.44,64.43,13.4,6.02,5.41,2.14,60,2.86,0.77,70.09,19.03,7.91,6.15,1,1,0,0,1966.0,1955.0,11.0
854621,2022-09-26,England,Germany,True,3,3,Draw,1.47,71,1.77,0.92,60.74,13.07,5.04,5.16,1.75,64,2.39,0.98,68.77,15.33,6.46,5.31,2,1,1,0,1966.0,1955.0,11.0
978036,2022-12-10,England,France,True,1,2,B,1.89,76,2.35,0.85,60.8,12.44,5.32,5.07,1.86,75,1.91,0.97,57.05,16.64,6.43,6.67,0,0,0,0,1966.0,2081.0,-115.0
984806,2023-09-12,England,Scotland,False,3,1,A,2.06,82,2.72,0.7,61.07,13.09,6.26,4.69,2.34,68,1.96,0.64,49.93,12.1,3.85,5.59,3,1,2,0,2014.0,1800.0,214.0
1219689,2024-07-06,England,Switzerland,True,1,1,Draw,1.86,95,1.51,0.68,62.59,13.44,4.11,5.68,1.8,92,1.66,0.81,55.23,12.03,4.54,4.97,3,2,1,0,2006.0,1813.0,193.0
1227539,2024-07-10,England,Netherlands,False,2,1,A,1.74,96,1.44,0.72,61.21,13.38,3.97,5.46,2.14,86,2.31,0.88,56.22,15.41,5.29,5.74,2,1,0,1,2006.0,1938.0,68.0
1232551,2024-07-14,England,Spain,False,1,2,B,1.91,97,1.52,0.76,60.8,12.81,4.1,4.75,2.67,93,2.53,0.72,63.85,17.51,6.35,5.92,2,1,0,1,2006.0,2178.0,-172.0
256459,2016-10-10,France,Netherlands,False,1,0,A,2.07,2,2.14,0.53,66.74,14.12,7.33,7.07,2.07,2,2.6,1.0,59.81,19.07,8.93,6.6,0,0,0,0,2008.0,1888.0,120.0
256477,2016-11-11,France,Sweden,True,2,1,A,2.42,3,1.71,0.33,59.23,12.17,6.44,6.66,2.42,3,1.76,0.29,50.35,13.09,8.35,7.51,0,0,0,0,2008.0,1766.0,242.0
256532,2017-06-09,France,Sweden,False,1,2,B,2.7,5,2.11,0.66,60.12,14.54,7.52,6.63,2.03,5,2.17,0.6,50.56,11.48,6.13,5.84,1,1,0,0,1988.0,1823.0,165.0
256558,2017-08-31,France,Netherlands,True,4,0,A,2.08,6,1.85,0.96,59.4,14.65,7.17,6.49,1.72,6,2.31,0.97,65.0,14.1,6.78,5.45,1,1,0,0,1988.0,1895.0,93.0
132508,2018-09-06,France,Germany,False,0,0,Draw,2.55,22,2.1,0.91,51.79,12.55,5.08,3.96,1.66,17,1.96,1.08,68.36,18.42,7.1,7.4,0,0,0,0,2092.0,1937.0,155.0
132512,2018-09-09,France,Netherlands,True,2,1,A,2.34,23,1.82,0.78,50.19,11.66,4.94,3.7,1.88,15,1.77,0.97,55.73,13.54,6.31,4.48,2,2,0,0,2092.0,1985.0,107.0
132523,2018-10-16,France,Germany,True,2,1,A,2.24,25,1.86,0.97,54.06,11.61,5.17,4.04,1.52,20,1.49,1.22,63.85,15.39,6.28,8.31,1,0,1,0,2092.0,1937.0,155.0
132526,2018-11-16,France,Netherlands,False,0,2,B,2.34,26,1.88,0.98,52.58,11.13,5.01,4.17,1.69,18,1.73,0.96,52.25,11.64,5.38,4.37,3,3,0,0,2092.0,1985.0,107.0
132830,2019-06-08,France,Türkiye,False,0,2,B,2.45,31,2.13,0.73,56.77,11.71,5.8,4.89,1.94,25,1.59,0.76,55.83,9.95,5.02,4.9,0,0,0,0,2046.0,1778.0,268.0
132949,2019-10-14,France,Türkiye,True,1,1,Draw,2.5,36,2.27,0.61,66.23,15.6,6.38,6.33,2.22,30,1.71,0.55,60.97,13.38,5.68,5.33,1,0,0,1,2046.0,1778.0,268.0
332432,2020-09-05,France,Sweden,False,1,0,A,2.48,39,2.08,0.61,66.04,15.53,6.3,6.48,2.28,39,1.78,0.53,49.49,12.99,5.9,5.49,2,1,0,1,2091.0,1820.0,271.0
332446,2020-10-11,France,Portugal,True,0,0,Draw,2.66,42,2.83,0.76,61.22,14.23,5.66,6.12,2.25,38,2.31,0.57,59.75,19.78,7.79,7.95,0,0,0,0,2091.0,2038.0,53.0
332459,2020-11-14,France,Portugal,False,1,0,A,2.19,45,2.09,0.87,57.77,12.37,4.94,5.31,2.31,41,2.77,0.38,57.09,18.15,6.93,7.17,1,0,1,0,2091.0,2038.0,53.0
332468,2020-11-17,France,Sweden,True,4,2,A,2.29,46,1.95,0.76,56.52,12.47,5.27,5.1,1.47,46,1.16,1.28,46.75,11.3,4.43,5.14,3,2,0,1,2091.0,1820.0,271.0
657685,2021-06-15,France,Germany,True,1,0,A,2.54,52,2.18,0.53,58.03,14.59,6.3,7.57,1.9,46,2.51,1.36,62.96,14.8,6.37,4.95,2,1,1,0,2114.0,1962.0,152.0
657708,2021-06-23,France,Portugal,False,2,2,Draw,2.39,54,1.89,0.53,56.85,13.37,5.34,6.39,1.98,50,2.34,0.97,55.22,14.97,6.45,6.84,2,1,1,0,2114.0,1972.0,142.0
713474,2021-06-28,France,Switzerland,True,3,3,Draw,2.21,55,1.91,0.72,56.19,13.05,5.3,5.65,1.9,52,2.21,1.21,55.03,15.53,5.62,6.93,0,0,0,0,2114.0,1933.0,181.0
802474,2021-10-10,France,Spain,False,2,1,A,2.09,60,1.97,1.03,56.26,15.18,5.36,5.32,2.07,57,2.23,0.78,73.06,16.7,6.05,6.6,0,0,0,0,2114.0,2036.0,78.0
980464,2023-03-24,France,Netherlands,True,4,0,A,1.99,78,2.07,1.13,52.09,14.58,5.7,5.44,2.31,67,2.22,0.91,55.43,11.64,4.29,4.23,4,3,0,1,2109.0,1970.0,139.0
1029481,2023-09-12,France,Germany,False,1,2,B,2.5,83,2.08,0.56,58.57,17.67,5.97,5.42,1.02,75,1.63,1.88,65.52,15.81,5.3,6.03,3,2,1,0,2109.0,1885.0,224.0
980603,2023-10-13,France,Netherlands,False,2,1,A,2.17,84,1.94,0.75,57.31,16.93,5.97,5.37,1.96,73,2.15,1.42,56.53,15.43,5.52,6.04,5,4,0,1,2109.0,1970.0,139.0
1028662,2023-10-17,France,Scotland,True,4,1,A,2.28,85,1.95,0.78,56.88,16.67,6.11,5.06,1.77,70,1.6,1.08,45.62,10.44,3.03,4.45,0,0,0,0,2109.0,1800.0,309.0
1155272,2024-03-23,France,Germany,True,0,2,B,2.27,88,3.52,0.87,59.55,19.03,7.99,5.49,1.09,80,1.64,1.89,61.76,13.1,4.8,4.63,4,2,1,1,2055.0,1971.0,84.0
1145524,2024-06-21,France,Netherlands,False,0,0,Draw,2.18,93,2.44,0.76,55.96,16.85,6.0,5.08,2.32,82,2.64,0.79,57.46,16.78,6.21,5.46,6,5,0,1,2055.0,1938.0,117.0
1219959,2024-07-05,France,Portugal,False,0,0,Draw,2.04,96,1.85,0.61,56.76,17.19,5.41,5.83,1.97,92,2.09,0.85,66.58,17.92,6.39,7.9,3,1,2,0,2055.0,1993.0,62.0
1225853,2024-07-09,France,Spain,False,1,2,B,1.9,97,1.61,0.53,54.58,17.56,5.36,5.59,2.62,92,2.61,0.68,64.73,19.23,7.0,6.21,1,1,0,0,2055.0,2178.0,-123.0
1366137,2025-06-05,France,Spain,False,4,5,B,1.9,106,1.63,0.85,56.78,17.5,5.73,7.19,2.32,102,2.4,1.2,59.74,18.25,7.08,5.69,2,1,0,1,2062.0,2172.0,-110.0
1377653,2025-06-08,France,Germany,False,2,0,A,1.65,107,1.94,1.39,56.68,18.35,6.16,7.04,1.76,98,2.27,1.25,61.15,15.71,6.03,5.49,5,2,1,2,2062.0,1910.0,152.0
256595,2017-09-04,Germany,Norway,True,6,0,A,3.0,7,4.24,0.37,72.43,18.02,9.33,8.42,1.17,7,1.21,1.27,51.65,11.16,3.11,5.41,1,1,0,0,2108.0,1581.0,527.0
225350,2018-03-23,Germany,Spain,True,1,1,Draw,3.0,10,4.42,0.52,72.28,19.11,8.86,6.89,2.89,10,3.44,0.24,68.3,17.07,6.79,8.09,0,0,0,0,1937.0,2011.0,-74.0
135805,2018-06-23,Germany,Sweden,True,2,1,A,1.75,15,2.34,0.91,65.88,16.42,7.55,6.94,1.49,17,1.19,0.57,46.07,8.7,3.36,3.93,0,0,0,0,1937.0,1850.0,87.0
132519,2018-10-13,Germany,Netherlands,False,0,3,B,1.77,19,1.73,0.93,66.2,16.13,6.67,7.68,1.61,16,1.65,1.12,54.02,12.3,5.54,4.12,0,0,0,0,1937.0,1985.0,-48.0
132530,2018-11-19,Germany,Netherlands,True,2,2,Draw,1.54,22,1.64,1.15,63.88,12.93,5.84,8.22,1.87,19,1.77,0.83,53.89,11.97,6.16,4.88,1,0,0,1,1937.0,1985.0,-48.0
132790,2019-03-24,Germany,Netherlands,False,3,2,A,1.41,24,1.59,1.23,61.9,13.14,6.18,7.67,1.92,21,2.1,0.86,55.14,10.74,5.88,4.51,2,0,1,1,1964.0,2017.0,-53.0
132870,2019-09-06,Germany,Netherlands,True,2,4,B,1.96,27,2.64,1.0,64.5,15.96,7.59,7.47,1.6,24,1.91,1.11,54.92,12.51,6.19,5.19,3,1,1,1,1964.0,2017.0,-53.0
332425,2020-09-03,Germany,Spain,True,1,1,Draw,2.19,33,3.13,0.99,66.76,18.45,7.98,7.51,2.37,34,3.2,0.63,72.3,20.42,7.92,9.22,1,0,1,0,1955.0,2050.0,-95.0
332434,2020-09-06,Germany,Switzerland,False,1,1,Draw,2.03,34,2.85,0.99,63.08,17.25,7.84,7.29,1.69,37,2.06,0.98,60.38,18.84,6.05,6.83,0,0,0,0,1955.0,1870.0,85.0
598332,2020-10-07,Germany,Türkiye,True,3,3,Draw,1.9,35,2.6,1.0,61.66,16.79,7.3,6.83,1.69,35,1.12,0.46,60.87,12.38,4.51,3.93,0,0,0,0,1955.0,1752.0,203.0
332455,2020-10-13,Germany,Switzerland,True,3,3,Draw,1.94,37,2.57,1.22,63.44,16.82,8.03,6.86,1.21,40,1.56,1.1,55.96,16.75,5.29,5.94,1,0,1,0,1955.0,1870.0,85.0
332469,2020-11-17,Germany,Spain,False,0,6,B,2.1,40,2.49,1.23,61.84,17.51,7.56,7.23,1.72,41,1.85,0.63,69.45,19.31,7.12,8.81,2,0,2,0,1955.0,2050.0,-95.0
657696,2021-06-19,Germany,Portugal,False,4,2,A,1.65,47,2.18,1.32,62.82,14.11,5.6,4.96,2.28,49,2.39,0.52,57.34,16.09,7.17,6.98,0,0,0,0,1962.0,1972.0,-10.0
825233,2022-03-29,Germany,Netherlands,False,1,1,Draw,2.51,58,3.46,0.7,71.61,21.51,9.21,7.16,2.38,55,2.92,0.89,67.63,18.16,6.89,6.01,4,1,1,2,1955.0,2073.0,-118.0
855755,2022-11-27,Germany,Spain,False,1,1,Draw,1.59,67,2.11,1.2,68.74,16.67,6.62,5.5,2.31,70,2.55,0.66,73.64,12.88,5.3,5.28,3,0,2,1,1955.0,1996.0,-41.0
1137559,2023-11-18,Germany,Türkiye,True,2,3,B,1.44,78,1.87,1.71,63.77,14.3,5.23,5.33,2.04,75,2.11,1.2,58.97,16.54,6.97,5.81,1,0,1,0,1885.0,1765.0,120.0
1155277,2024-03-26,Germany,Netherlands,True,2,1,A,1.34,81,1.69,1.65,61.27,13.35,4.95,4.68,2.26,78,2.53,0.86,58.11,15.39,5.86,5.61,5,1,2,2,1971.0,1938.0,33.0
1145509,2024-06-14,Germany,Scotland,True,5,1,A,1.68,84,1.57,1.31,62.43,14.49,5.17,6.61,1.28,77,1.5,1.69,56.85,13.4,3.56,5.58,0,0,0,0,1971.0,1759.0,212.0
1145527,2024-06-23,Germany,Switzerland,False,1,1,Draw,2.0,86,2.01,1.11,64.62,15.7,5.95,7.0,1.72,90,1.71,0.92,59.51,12.54,4.87,5.59,2,0,2,0,1971.0,1813.0,158.0
1219688,2024-07-05,Germany,Spain,False,1,2,B,2.02,88,1.9,0.95,63.52,15.87,6.02,7.1,2.56,91,2.7,0.63,67.24,19.42,7.15,6.99,4,0,3,1,1971.0,2178.0,-207.0
1172954,2024-09-10,Germany,Netherlands,False,2,2,Draw,1.92,90,2.2,0.95,61.24,17.61,6.29,6.46,2.01,88,2.51,1.15,57.06,16.09,5.4,5.98,6,2,2,2,1971.0,1938.0,33.0
1172966,2024-10-14,Germany,Netherlands,True,1,0,A,1.95,92,2.15,1.07,62.63,17.26,5.85,6.28,1.77,90,2.26,1.23,57.33,15.51,5.06,5.97,7,2,3,2,1971.0,1938.0,33.0
1366136,2025-06-04,Germany,Portugal,True,1,2,B,2.02,97,2.46,1.14,62.07,16.71,6.19,5.86,1.94,101,2.18,0.97,62.34,16.22,5.96,7.63,1,1,0,0,1910.0,1976.0,-66.0
1502471,2026-03-27,Germany,Switzerland,False,4,3,A,2.17,105,2.53,0.79,67.3,16.96,6.29,5.9,1.96,109,2.15,0.83,58.41,11.26,5.02,4.87,3,0,3,0,1907.0,1943.0,-36.0
256658,2017-10-10,Netherlands,Sweden,True,2,0,A,1.92,9,2.23,1.4,60.31,15.24,6.11,5.01,2.2,9,3.48,0.77,53.76,13.66,7.54,5.37,1,0,1,0,1895.0,1823.0,72.0
225373,2018-03-26,Netherlands,Portugal,False,3,0,A,1.76,11,1.82,1.13,59.69,15.04,6.36,4.24,2.88,11,2.78,0.41,65.91,16.88,7.07,7.04,0,0,0,0,1985.0,1958.0,27.0
157411,2019-06-09,Netherlands,Portugal,False,0,1,B,1.84,23,2.21,1.13,54.6,13.84,7.0,5.38,1.8,28,1.55,0.85,54.59,13.08,4.58,6.73,1,1,0,0,2017.0,1986.0,31.0
598344,2020-11-11,Netherlands,Spain,True,1,1,Draw,1.55,35,1.44,0.71,59.31,15.21,5.67,5.89,1.95,39,2.12,0.52,69.15,19.18,7.14,8.58,0,0,0,0,1994.0,2050.0,-56.0
650913,2021-03-24,Netherlands,Türkiye,False,2,4,B,1.85,38,1.65,0.81,58.43,16.04,6.31,6.25,1.39,41,1.56,1.42,56.52,13.74,5.36,3.66,0,0,0,0,1929.0,1726.0,203.0
697995,2021-06-02,Netherlands,Scotland,True,2,2,Draw,1.95,41,2.42,0.93,64.66,21.79,8.62,8.42,1.53,41,1.51,0.97,48.7,12.71,4.21,4.96,0,0,0,0,1929.0,1728.0,201.0
650988,2021-09-01,Netherlands,Norway,False,1,1,Draw,2.02,47,2.2,0.96,59.66,16.17,6.24,6.82,1.67,42,1.43,1.07,54.88,11.87,4.52,7.39,0,0,0,0,1929.0,1733.0,196.0
651038,2021-09-07,Netherlands,Türkiye,True,6,1,A,2.03,49,2.29,0.84,61.95,17.86,6.99,6.78,1.45,52,1.65,1.47,56.96,14.98,5.57,5.32,1,0,0,1,1929.0,1726.0,203.0
651154,2021-11-16,Netherlands,Norway,True,2,0,A,2.19,53,2.87,0.83,68.04,19.41,7.17,6.77,1.84,48,1.58,0.71,57.44,16.92,5.63,7.09,1,0,1,0,1929.0,1733.0,196.0
1155267,2024-03-22,Netherlands,Scotland,True,4,0,A,2.14,77,2.31,0.98,58.73,15.75,5.83,6.15,1.41,73,1.77,1.72,48.42,10.45,3.22,4.26,1,0,1,0,1938.0,1759.0,179.0
1220308,2024-07-06,Netherlands,Türkiye,True,2,1,A,2.01,85,2.36,0.86,55.81,16.07,5.48,6.15,1.71,85,1.55,1.57,53.31,14.41,5.1,5.73,2,1,0,1,1938.0,1774.0,164.0
1316545,2025-03-20,Netherlands,Spain,True,2,2,Draw,1.63,93,2.07,1.04,59.23,14.55,4.93,5.44,2.74,100,2.36,0.78,60.69,18.6,6.9,6.24,1,0,1,0,1959.0,2172.0,-213.0
1316546,2025-03-23,Netherlands,Spain,False,3,3,Draw,1.55,94,2.06,1.16,56.73,13.96,4.81,4.99,2.52,101,2.31,0.93,60.6,18.14,6.79,5.95,2,0,2,0,1959.0,2172.0,-213.0
1503005,2026-03-27,Netherlands,Norway,True,2,1,A,2.14,103,2.92,0.79,62.94,16.04,6.06,5.8,2.53,89,3.55,0.81,57.01,17.84,6.51,5.44,2,1,1,0,1971.0,1972.0,-1.0
132780,2019-03-23,Norway,Spain,False,1,2,B,2.24,20,1.56,0.64,53.63,10.74,4.37,6.89,1.93,24,2.46,1.19,66.31,14.28,6.3,6.65,0,0,0,0,1722.0,2028.0,-306.0
132805,2019-03-26,Norway,Sweden,True,3,3,Draw,1.94,21,1.48,0.83,49.02,9.61,3.98,6.58,1.75,28,1.24,0.81,45.26,9.79,4.06,4.48,0,0,0,0,1722.0,1859.0,-137.0
132889,2019-09-08,Norway,Sweden,False,1,1,Draw,2.02,25,1.8,0.93,52.12,11.68,4.89,5.2,1.77,32,1.79,1.06,48.32,12.04,5.73,5.37,1,0,1,0,1722.0,1859.0,-137.0
132930,2019-10-12,Norway,Spain,True,1,1,Draw,1.89,26,1.69,0.94,51.37,11.29,4.47,5.17,2.55,30,2.73,0.77,71.5,20.19,8.03,8.97,1,0,0,1,1722.0,2028.0,-306.0
650933,2021-03-27,Norway,Türkiye,True,0,3,B,1.81,38,1.9,0.97,54.66,14.17,6.29,7.08,1.6,42,1.88,1.5,53.09,12.87,5.31,3.56,0,0,0,0,1733.0,1726.0,7.0
651059,2021-10-08,Norway,Türkiye,False,1,1,Draw,1.93,45,1.91,0.94,57.22,16.92,6.44,7.75,1.26,53,1.56,2.06,53.16,14.19,5.0,4.48,1,0,0,1,1733.0,1726.0,7.0
854634,2022-06-05,Norway,Sweden,False,2,1,A,2.08,52,2.25,0.58,53.28,13.97,5.37,5.93,1.77,66,1.25,0.89,47.49,11.73,4.38,6.04,2,0,2,0,1754.0,1757.0,-3.0
854649,2022-06-12,Norway,Sweden,True,3,2,A,2.04,54,1.93,0.55,51.71,14.3,5.64,6.13,1.34,68,1.06,1.03,49.25,11.78,3.74,6.09,3,1,2,0,1754.0,1757.0,-3.0
980475,2023-03-25,Norway,Spain,False,0,3,B,1.71,59,1.63,1.04,51.64,13.06,5.13,5.69,1.75,73,1.89,0.76,74.09,12.19,4.46,5.34,2,0,1,1,1755.0,2033.0,-278.0
980516,2023-06-17,Norway,Scotland,True,1,2,B,1.42,61,1.36,1.25,51.74,12.76,4.88,5.37,2.0,65,1.75,0.82,49.67,12.47,4.11,6.29,0,0,0,0,1755.0,1800.0,-45.0
980620,2023-10-15,Norway,Spain,True,0,1,B,1.99,66,2.35,0.97,58.85,15.18,6.18,5.66,2.16,80,2.66,0.59,71.39,17.88,6.17,6.78,3,0,1,2,1755.0,2033.0,-278.0
980668,2023-11-19,Norway,Scotland,False,3,3,Draw,1.9,68,2.04,0.85,57.35,14.25,5.68,5.66,1.47,72,1.58,1.53,48.18,10.66,3.4,4.0,1,0,0,1,1755.0,1800.0,-45.0
1503006,2026-03-31,Norway,Switzerland,True,0,0,Draw,2.2,90,3.21,0.97,56.49,16.17,5.93,4.99,1.7,110,2.26,1.25,56.8,10.71,4.76,4.24,0,0,0,0,1972.0,1943.0,29.0
1536927,2026-06-01,Norway,Sweden,True,3,1,A,2.05,91,2.8,0.84,54.86,14.72,5.29,4.86,1.61,108,1.89,1.63,50.9,12.07,4.65,5.4,4,2,2,0,1972.0,1731.0,241.0
256661,2017-10-10,Portugal,Switzerland,True,2,0,A,2.82,9,3.13,0.35,70.78,20.18,7.96,7.68,3.0,9,2.81,0.58,66.7,19.96,7.31,5.52,1,0,0,1,1993.0,1865.0,128.0
135780,2018-06-15,Portugal,Spain,True,3,3,Draw,2.16,15,2.09,0.73,59.92,14.43,6.26,6.04,2.48,14,2.8,0.47,63.08,13.62,5.69,6.24,0,0,0,0,1958.0,2011.0,-53.0
225527,2018-10-14,Portugal,Scotland,False,3,1,A,1.96,22,1.77,1.06,56.68,13.03,5.2,6.42,1.19,17,0.99,1.38,48.57,10.97,4.83,5.02,0,0,0,0,1958.0,1720.0,238.0
132506,2019-06-05,Portugal,Switzerland,True,3,1,A,1.62,27,1.32,0.83,56.06,13.55,4.83,7.0,1.73,28,2.18,1.21,57.47,13.77,5.18,5.78,2,1,0,1,1986.0,1897.0,89.0
332440,2020-09-08,Portugal,Sweden,False,2,0,A,2.35,36,2.76,0.76,58.5,19.6,7.76,7.8,1.98,40,1.54,0.59,49.57,12.33,5.25,5.41,0,0,0,0,2038.0,1820.0,218.0
598339,2020-10-07,Portugal,Spain,True,0,0,Draw,2.44,37,2.66,0.66,59.75,19.78,7.79,7.95,2.3,36,3.05,0.59,70.34,20.06,7.86,8.59,1,0,1,0,2038.0,2050.0,-12.0
332454,2020-10-14,Portugal,Sweden,True,3,0,A,2.09,39,2.01,0.5,58.46,18.34,7.09,7.37,1.64,43,1.37,0.96,46.63,12.05,4.3,4.67,1,1,0,0,2038.0,1820.0,218.0
672829,2021-06-04,Portugal,Spain,False,0,0,Draw,2.21,46,2.35,0.79,57.61,18.71,8.09,7.88,2.07,45,2.29,0.7,73.22,17.9,6.87,7.56,2,0,2,0,1972.0,2036.0,-64.0
813711,2022-03-24,Portugal,Türkiye,True,3,1,A,1.86,59,2.16,0.79,55.04,15.4,5.68,6.24,1.83,57,2.12,1.49,60.63,17.77,6.85,6.4,0,0,0,0,1998.0,1711.0,287.0
854578,2022-06-02,Portugal,Spain,False,1,1,Draw,2.14,61,2.24,0.71,56.88,14.86,5.59,5.83,2.31,62,2.25,0.65,73.65,14.88,5.78,6.35,3,0,3,0,1998.0,1996.0,2.0
854586,2022-06-05,Portugal,Switzerland,True,4,0,A,1.99,62,2.08,0.75,54.42,13.78,5.09,5.72,1.43,64,1.74,1.03,57.7,14.04,5.65,7.76,3,2,0,1,1998.0,1878.0,120.0
854602,2022-06-12,Portugal,Switzerland,False,0,1,B,2.24,64,2.28,0.57,55.66,13.9,5.66,6.06,1.08,66,1.31,1.36,52.01,11.84,4.36,6.7,4,3,0,1,1998.0,1878.0,120.0
854623,2022-09-27,Portugal,Spain,True,0,1,B,2.08,66,2.25,0.54,55.86,14.89,5.84,6.38,1.95,67,1.82,0.83,72.89,11.89,4.65,5.67,4,0,4,0,1998.0,1996.0,2.0
977706,2022-12-06,Portugal,Switzerland,True,6,1,A,1.93,71,2.11,0.8,56.27,13.57,5.24,5.46,1.68,73,1.32,1.2,48.32,10.25,3.47,5.14,5,3,0,2,1998.0,1878.0,120.0
1155265,2024-03-21,Portugal,Sweden,True,5,2,A,2.7,83,3.14,0.38,66.37,18.09,7.66,7.16,1.85,86,1.82,1.26,55.41,13.14,5.09,5.4,2,2,0,0,1993.0,1744.0,249.0
1145526,2024-06-22,Portugal,Türkiye,False,3,0,A,2.35,89,2.73,0.94,66.16,17.69,7.21,7.79,1.49,82,1.62,1.57,54.81,15.97,5.85,5.37,1,1,0,0,1993.0,1774.0,219.0
1172949,2024-09-08,Portugal,Scotland,True,2,1,A,2.0,94,1.84,0.77,63.68,17.21,6.07,7.88,0.83,81,1.3,2.0,53.82,10.82,2.72,4.17,1,1,0,0,1993.0,1759.0,234.0
1172968,2024-10-15,Portugal,Scotland,False,0,0,Draw,2.24,96,2.01,0.83,64.19,18.31,6.16,7.84,0.63,83,1.23,2.0,50.6,9.92,2.55,4.09,2,2,0,0,1993.0,1759.0,234.0
1377654,2025-06-08,Portugal,Spain,True,2,2,Draw,2.07,102,2.16,0.97,60.09,16.32,5.96,7.16,2.41,103,2.74,1.57,57.69,17.96,7.2,5.47,5,0,4,1,1976.0,2172.0,-196.0
965672,2022-11-16,Scotland,Türkiye,False,1,2,B,1.92,62,1.59,0.94,53.0,14.01,4.49,6.71,1.68,65,2.4,1.4,61.72,18.66,7.76,6.03,0,0,0,0,1751.0,1711.0,40.0
980496,2023-03-28,Scotland,Spain,True,2,0,A,1.85,64,1.71,0.94,53.51,13.01,4.28,6.8,1.91,74,2.03,0.66,72.74,12.3,4.8,5.16,0,0,0,0,1800.0,2033.0,-233.0
980594,2023-10-12,Scotland,Spain,False,0,2,B,2.03,69,1.84,0.94,48.61,11.42,3.34,4.98,2.04,79,2.76,0.68,71.0,17.87,6.35,6.75,1,1,0,0,1800.0,2033.0,-233.0
1145518,2024-06-19,Scotland,Switzerland,True,1,1,Draw,1.11,78,1.43,2.12,52.95,11.78,3.09,4.85,1.82,89,1.81,0.91,60.64,12.78,5.0,5.22,0,0,0,0,1759.0,1813.0,-54.0
225448,2018-06-03,Spain,Switzerland,True,1,1,Draw,2.64,12,3.51,0.47,63.1,14.1,6.0,6.1,2.51,14,2.31,0.41,59.96,15.35,5.54,4.34,0,0,0,0,2011.0,1921.0,90.0
132840,2019-06-10,Spain,Sweden,True,3,0,A,2.31,27,2.57,1.01,70.79,17.57,7.64,7.53,1.83,30,1.68,0.96,49.67,13.12,6.06,5.74,0,0,0,0,2028.0,1859.0,169.0
132953,2019-10-15,Spain,Sweden,False,1,1,Draw,2.34,31,2.51,0.8,70.37,19.09,7.36,8.17,1.85,34,1.99,0.92,50.52,12.41,5.62,5.18,1,1,0,0,2028.0,1859.0,169.0
332447,2020-10-10,Spain,Switzerland,True,1,0,A,2.13,37,2.65,0.51,70.34,20.06,7.86,8.59,1.39,39,1.8,1.11,58.6,18.99,6.04,6.46,1,0,1,0,2050.0,1870.0,180.0
332462,2020-11-14,Spain,Switzerland,False,1,1,Draw,1.82,40,1.97,0.58,69.15,19.18,7.14,8.58,1.03,42,1.65,1.43,53.32,16.19,5.68,5.36,2,1,1,0,2050.0,1870.0,180.0
657683,2021-06-14,Spain,Sweden,True,0,0,Draw,2.07,47,2.25,0.53,71.89,16.33,6.17,6.91,2.14,52,1.68,0.95,51.88,11.7,4.71,5.51,2,1,1,0,2036.0,1821.0,215.0
718243,2021-07-02,Spain,Switzerland,False,1,1,Draw,2.1,51,2.6,0.79,72.26,17.24,6.86,7.0,1.78,53,2.31,1.45,53.39,14.89,5.51,6.58,3,1,2,0,2036.0,1933.0,103.0
650994,2021-09-02,Spain,Sweden,False,1,2,B,1.83,53,2.21,0.84,71.9,18.41,6.98,7.61,1.95,56,1.53,1.03,43.19,11.03,3.86,5.36,3,1,2,0,2036.0,1821.0,215.0
651139,2021-11-14,Spain,Sweden,True,1,0,A,1.96,59,1.93,0.82,71.99,15.51,5.4,6.43,1.9,62,1.55,1.02,46.24,13.14,5.36,6.52,4,1,2,1,2036.0,1821.0,215.0
854594,2022-06-09,Spain,Switzerland,False,1,0,A,2.0,64,2.07,0.87,72.97,14.11,5.19,6.42,1.24,65,1.51,1.41,55.53,12.68,4.94,7.35,4,1,3,0,1996.0,1878.0,118.0
854616,2022-09-24,Spain,Switzerland,True,1,2,B,2.24,66,1.94,0.66,72.54,12.52,4.75,5.13,1.33,67,1.27,1.18,50.58,10.84,4.02,5.73,5,2,3,0,1996.0,1878.0,118.0
1172950,2024-09-08,Spain,Switzerland,False,4,1,A,2.49,95,2.14,0.66,65.3,17.79,6.14,6.79,1.48,94,1.37,0.99,53.07,10.99,3.91,4.23,6,2,3,1,2178.0,1813.0,365.0
1172984,2024-11-18,Spain,Switzerland,True,3,2,A,2.71,99,2.27,0.59,60.79,18.25,6.44,6.13,1.09,98,1.23,1.46,58.14,13.15,4.14,5.21,7,3,3,1,2178.0,1813.0,365.0
1366289,2025-09-07,Spain,Türkiye,False,6,0,A,2.33,105,2.69,1.41,60.71,18.52,7.68,5.38,1.96,97,1.8,1.23,53.76,14.56,4.45,5.3,0,0,0,0,2172.0,1880.0,292.0
1366326,2025-11-18,Spain,Türkiye,True,2,2,Draw,2.61,109,3.22,0.81,63.98,20.32,8.27,6.43,2.15,101,2.34,1.43,56.55,14.65,4.97,6.47,1,1,0,0,2172.0,1880.0,292.0
135767,2018-07-03,Sweden,Switzerland,True,1,0,A,1.52,19,1.42,0.66,41.75,9.39,3.8,3.69,2.12,19,1.95,0.78,57.21,12.76,4.05,4.26,0,0,0,0,1850.0,1921.0,-71.0
132538,2018-09-10,Sweden,Türkiye,True,2,3,B,1.28,22,1.01,0.94,43.0,8.51,3.51,3.34,1.36,16,1.42,1.42,55.65,8.39,4.35,4.12,0,0,0,0,1850.0,1690.0,160.0
132551,2018-11-17,Sweden,Türkiye,False,1,0,A,1.08,25,0.99,1.04,41.83,8.54,3.65,4.48,1.3,19,1.22,1.39,57.02,8.79,4.06,4.97,1,0,0,1,1850.0,1690.0,160.0
1323319,2025-10-10,Sweden,Switzerland,True,0,2,B,1.81,102,2.25,1.4,59.57,15.58,6.44,6.47,1.98,105,2.44,1.03,58.3,12.09,4.99,5.45,1,1,0,0,1660.0,1897.0,-237.0
1323356,2025-11-15,Sweden,Switzerland,False,1,4,B,1.37,104,1.7,1.42,58.44,14.27,5.39,6.91,1.97,107,2.08,0.78,59.25,12.51,5.07,5.66,2,1,0,1,1660.0,1897.0,-237.0
657698,2021-06-20,Switzerland,Türkiye,True,3,1,A,1.74,51,2.09,1.25,56.23,13.99,4.58,6.67,1.44,49,1.42,1.43,52.52,12.37,4.63,4.8,0,0,0,0,1933.0,1726.0,207.0
